/Marketocracy/bin/fptool invalidateFund 015a360143f33257c0a80132;
/Marketocracy/bin/fptool invalidateFund 035f08503a1c7630c0a80118;
/Marketocracy/bin/fptool invalidateFund 03721fa145b74e3ec0a80132;
/Marketocracy/bin/fptool invalidateFund 044643783a0b9050c0a801e0;
/Marketocracy/bin/fptool invalidateFund 0459145f4868bed8c0a80132;
/Marketocracy/bin/fptool invalidateFund 06d3294a460d510bc0a80132;
/Marketocracy/bin/fptool invalidateFund 09331e5848eb6a44c0a80132;
/Marketocracy/bin/fptool invalidateFund 0a24069c42f6e8bac0a80134;
/Marketocracy/bin/fptool invalidateFund 0afb6956481efa74c0a80133;
/Marketocracy/bin/fptool invalidateFund 0b67031e42fe0fdcc0a80134;
/Marketocracy/bin/fptool invalidateFund 0b681ef84193cc01c0a80134;
/Marketocracy/bin/fptool invalidateFund 0eed06983c597191c0a80119;
/Marketocracy/bin/fptool invalidateFund 0f1546a93d56af30c0a80118;
/Marketocracy/bin/fptool invalidateFund 0f7201333e4a6419c0a80134;
/Marketocracy/bin/fptool invalidateFund 115c4885465f5183c0a80133;
/Marketocracy/bin/fptool invalidateFund 140154b1412c0455c0a80132;
/Marketocracy/bin/fptool invalidateFund 14a65a294311167cc0a80132;
/Marketocracy/bin/fptool invalidateFund 150972a24654f602c0a80132;
/Marketocracy/bin/fptool invalidateFund 1558020b45351aa3c0a80133;
/Marketocracy/bin/fptool invalidateFund 156974d2426a94b9c0a80134;
/Marketocracy/bin/fptool invalidateFund 167b384b3a71015ec0a80118;
/Marketocracy/bin/fptool invalidateFund 19a86e623e2ed9c1c0a80133;
/Marketocracy/bin/fptool invalidateFund 1b5d48a8402431f7c0a80132;
/Marketocracy/bin/fptool invalidateFund 1c8942685431e2dcc0a86f98;
/Marketocracy/bin/fptool invalidateFund 1e6a2f7642f11cedc0a80132;
/Marketocracy/bin/fptool invalidateFund 20b6493045e15e9cc0a80134;
/Marketocracy/bin/fptool invalidateFund 219d6e7c43e0c177c0a80133;
/Marketocracy/bin/fptool invalidateFund 21b54b14417d407fc0a80134;
/Marketocracy/bin/fptool invalidateFund 221a12623f94069fc0a80134;
/Marketocracy/bin/fptool invalidateFund 2473336c41f481f2c0a80132;
/Marketocracy/bin/fptool invalidateFund 250f14f9461a365ac0a80132;
/Marketocracy/bin/fptool invalidateFund 25ed5d2442c961efc0a80134;
/Marketocracy/bin/fptool invalidateFund 266607d748c99d27c0a80135;
/Marketocracy/bin/fptool invalidateFund 27cf1b13463794d6c0a80135;
/Marketocracy/bin/fptool invalidateFund 287419283d581711c0a80119;
/Marketocracy/bin/fptool invalidateFund 289671c845bd33c5c0a80134;
/Marketocracy/bin/fptool invalidateFund 298e0de843ebe89ec0a80133;
/Marketocracy/bin/fptool invalidateFund 2a112e1444af1413c0a80134;
/Marketocracy/bin/fptool invalidateFund 2abd45cc43af82b4c0a80132;
/Marketocracy/bin/fptool invalidateFund 2afd11994068213fffffffff;
/Marketocracy/bin/fptool invalidateFund 2b050dfc46756ac3c0a80135;
/Marketocracy/bin/fptool invalidateFund 2b1e72223cea7bedc0a80118;
/Marketocracy/bin/fptool invalidateFund 2c9a1f4443e7b1d7c0a80133;
/Marketocracy/bin/fptool invalidateFund 2d5e64513db53b4bc0a80135;
/Marketocracy/bin/fptool invalidateFund 309532f83c7a9a4bc0a801e1;
/Marketocracy/bin/fptool invalidateFund 3170046b3d3e977bc0a801e2;
/Marketocracy/bin/fptool invalidateFund 322a1cf04566329cc0a80135;
/Marketocracy/bin/fptool invalidateFund 325609193e3e9fbbc0a80135;
/Marketocracy/bin/fptool invalidateFund 33bc136c4ace96f8c0a80133;
/Marketocracy/bin/fptool invalidateFund 34b2262044886e7dc0a80134;
/Marketocracy/bin/fptool invalidateFund 3500460e460cc9dac0a80133;
/Marketocracy/bin/fptool invalidateFund 354c064b45e3b43bc0a80134;
/Marketocracy/bin/fptool invalidateFund 35a1191d4e937210c0a80134;
/Marketocracy/bin/fptool invalidateFund 371c01b33f73c1c3c0a80132;
/Marketocracy/bin/fptool invalidateFund 37a755ca526e6167c0a80134;
/Marketocracy/bin/fptool invalidateFund 391a52343e402a8ac0a80132;
/Marketocracy/bin/fptool invalidateFund 3b6c0fa941fd20e0c0a80133;
/Marketocracy/bin/fptool invalidateFund 3be2702d432fb1b1c0a80133;
/Marketocracy/bin/fptool invalidateFund 3f2439ef3e2bfcc5c0a80132;
/Marketocracy/bin/fptool invalidateFund 41431d15427fd236c0a80134;
/Marketocracy/bin/fptool invalidateFund 43400a9d4c371715c0a80135;
/Marketocracy/bin/fptool invalidateFund 452e1a5642dc0eacc0a80134;
/Marketocracy/bin/fptool invalidateFund 46b248d245b0d9b5c0a80132;
/Marketocracy/bin/fptool invalidateFund 46ed03f043ccc568c0a80134;
/Marketocracy/bin/fptool invalidateFund 47b7084145eeaa7bc0a80135;
/Marketocracy/bin/fptool invalidateFund 48bf64003d0d44dfc0a801e0;
/Marketocracy/bin/fptool invalidateFund 4c2036c442f073e9c0a80132;
/Marketocracy/bin/fptool invalidateFund 4cf5586f4256da24c0a80133;
/Marketocracy/bin/fptool invalidateFund 4d8f05234287d066c0a80133;
/Marketocracy/bin/fptool invalidateFund 4f7a3a5b45736a53c0a80135;
/Marketocracy/bin/fptool invalidateFund 5074687b41ee9654c0a80133;
/Marketocracy/bin/fptool invalidateFund 51263e3e44d79686c0a80134;
/Marketocracy/bin/fptool invalidateFund 5140342c45ec5f96c0a80134;
/Marketocracy/bin/fptool invalidateFund 521848673dc8cd3cc0a80133;
/Marketocracy/bin/fptool invalidateFund 567f4d524e1daa94c0a80132;
/Marketocracy/bin/fptool invalidateFund 56c36d953cb3534ec0a801e0;
/Marketocracy/bin/fptool invalidateFund 5b4816194b45785ac0a80146;
/Marketocracy/bin/fptool invalidateFund 5d3073d63e88a79bc0a80132;
/Marketocracy/bin/fptool invalidateFund 6065341f49487317c0a80132;
/Marketocracy/bin/fptool invalidateFund 61631d8a3fc5b55bc0a80132;
/Marketocracy/bin/fptool invalidateFund 625e43bf44048955c0a80133;
/Marketocracy/bin/fptool invalidateFund 6295433745aeadabc0a80133;
/Marketocracy/bin/fptool invalidateFund 63026a4148971bc2c0a80135;
/Marketocracy/bin/fptool invalidateFund 632603f441854035c0a80133;
/Marketocracy/bin/fptool invalidateFund 63616ca53e4e753fc0a80132;
/Marketocracy/bin/fptool invalidateFund 636c2da1484d506fc0a80132;
/Marketocracy/bin/fptool invalidateFund 6408567848ece29ec0a80133;
/Marketocracy/bin/fptool invalidateFund 650d026f43d65fc1c0a80134;
/Marketocracy/bin/fptool invalidateFund 65cd3de9418aa30fc0a8013c;
/Marketocracy/bin/fptool invalidateFund 66dd03693bc717fec0a80118;
/Marketocracy/bin/fptool invalidateFund 683844943a5e6d64c0a80119;
/Marketocracy/bin/fptool invalidateFund 69ac21184148973bc0a8013c;
/Marketocracy/bin/fptool invalidateFund 6ab4158143fc814dc0a80132;
/Marketocracy/bin/fptool invalidateFund 700328513ded7639c0a80134;
/Marketocracy/bin/fptool invalidateFund 710402a246114041c0a80135;
/Marketocracy/bin/fptool invalidateFund 71114e3d3db912b2c0a80133;
/Marketocracy/bin/fptool invalidateFund 71b6559d44ef34e7c0a80134;
/Marketocracy/bin/fptool invalidateFund 71c911804654af12c0a80132;
/Marketocracy/bin/fptool invalidateFund 73b0172f3e8984d4c0a80132;
/Marketocracy/bin/fptool invalidateFund 7438050839efbd72c0a80118;
/Marketocracy/bin/fptool invalidateFund 74c94b54481ff286c0a80133;
/Marketocracy/bin/fptool invalidateFund 76e004554664d558c0a80132;
/Marketocracy/bin/fptool invalidateFund 7996594048e93abec0a80133;
/Marketocracy/bin/fptool invalidateFund 7a1202b139e38da2c0a80119;
/Marketocracy/bin/fptool invalidateFund 7aab29403e0671aac0a80133;
/Marketocracy/bin/fptool invalidateFund 7b8f341f49485223c0a80132;
/Marketocracy/bin/fptool invalidateFund 7c525d914367df37c0a80133;
/Marketocracy/bin/fptool invalidateFund 7d042e3444ad6dd9c0a80133;
/Marketocracy/bin/fptool invalidateFund 7d401e194612a7fcc0a80134;
/Marketocracy/bin/fptool invalidateFund 7dc9681943da8c13c0a80132;
/Marketocracy/bin/fptool invalidateFund 7ff805a1428e14a9c0a80132;
/Marketocracy/bin/fptool invalidateFund 811f02b043a6f0b0c0a80133;
/Marketocracy/bin/fptool invalidateFund 81391313465bb0b0c0a80132;
/Marketocracy/bin/fptool invalidateFund 81ba32b84cc5cfa7c0a80133;
/Marketocracy/bin/fptool invalidateFund 82b10da94babdb32c0a80132;
/Marketocracy/bin/fptool invalidateFund 83d8456544aac71ac0a80133;
/Marketocracy/bin/fptool invalidateFund 85232f314202be42c0a80133;
/Marketocracy/bin/fptool invalidateFund 854b26a640dceba5c0a80132;
/Marketocracy/bin/fptool invalidateFund 85b2667f41fffc28c0a80132;
/Marketocracy/bin/fptool invalidateFund 86d56b4a41ffaaf5c0a80134;
/Marketocracy/bin/fptool invalidateFund 87ae3a053c9550efc0a80119;
/Marketocracy/bin/fptool invalidateFund 87ca23f346a14901c0a80132;
/Marketocracy/bin/fptool invalidateFund 884d070642079f28c0a80133;
/Marketocracy/bin/fptool invalidateFund 89744608459ab521c0a80134;
/Marketocracy/bin/fptool invalidateFund 8a7a02a246114167c0a80135;
/Marketocracy/bin/fptool invalidateFund 8b74022f444b9498c0a80134;
/Marketocracy/bin/fptool invalidateFund 8d4047d0430370d1c0a80132;
/Marketocracy/bin/fptool invalidateFund 8e7c371d418a9ab7c0a8013c;
/Marketocracy/bin/fptool invalidateFund 8ec9371d418a9ad0c0a8013c;
/Marketocracy/bin/fptool invalidateFund 8f29371d418a9ad1c0a8013c;
/Marketocracy/bin/fptool invalidateFund 8f6f371d418a9c1fc0a8013c;
/Marketocracy/bin/fptool invalidateFund 8fba371d418a9c1fc0a8013c;
/Marketocracy/bin/fptool invalidateFund 8fce035640a17be0c0a80132;
/Marketocracy/bin/fptool invalidateFund 9002405b42aea1b8c0a80133;
/Marketocracy/bin/fptool invalidateFund 9323075f49b0297dc0a80135;
/Marketocracy/bin/fptool invalidateFund 93b54980455b20fec0a80132;
/Marketocracy/bin/fptool invalidateFund 973f7511461fb4ccc0a80132;
/Marketocracy/bin/fptool invalidateFund 991e034e40fbc77fc0a80134;
/Marketocracy/bin/fptool invalidateFund 99b0512d3ba776cfc0a80119;
/Marketocracy/bin/fptool invalidateFund 9d63024d444b6d98c0a80133;
/Marketocracy/bin/fptool invalidateFund 9eaa58f64920c9e5c0a80135;
/Marketocracy/bin/fptool invalidateFund a003630445062ecbc0a80133;
/Marketocracy/bin/fptool invalidateFund a0081af647b29a40c0a80134;
/Marketocracy/bin/fptool invalidateFund a00e0436424aacc5c0a80133;
/Marketocracy/bin/fptool invalidateFund a0a10ddd4acce86ec0a80133;
/Marketocracy/bin/fptool invalidateFund a0d36f6c3d9df20dc0a80132;
/Marketocracy/bin/fptool invalidateFund a0e401334675fd26c0a80132;
/Marketocracy/bin/fptool invalidateFund a168153d4240b4cec0a80134;
/Marketocracy/bin/fptool invalidateFund a2871b7843e042c2c0a80134;
/Marketocracy/bin/fptool invalidateFund a37b10dc4e96efbfc0a80134;
/Marketocracy/bin/fptool invalidateFund a3db0f0545b7f7e7c0a80135;
/Marketocracy/bin/fptool invalidateFund a3e074a441827fb7c0a80134;
/Marketocracy/bin/fptool invalidateFund a4682e444345668bc0a80133;
/Marketocracy/bin/fptool invalidateFund a4776a244793f654c0a80135;
/Marketocracy/bin/fptool invalidateFund a4f4014a41936e84c0a80132;
/Marketocracy/bin/fptool invalidateFund a5131de6414882bdc0a80133;
/Marketocracy/bin/fptool invalidateFund a57d0cfc4492fdbdc0a80133;
/Marketocracy/bin/fptool invalidateFund a703169043428fdac0a80132;
/Marketocracy/bin/fptool invalidateFund a72b028344a88e83c0a80132;
/Marketocracy/bin/fptool invalidateFund a77856433e9aca99c0a80134;
/Marketocracy/bin/fptool invalidateFund a7ac184d4afe221fc0a80146;
/Marketocracy/bin/fptool invalidateFund a8e11df03e1bb904c0a80132;
/Marketocracy/bin/fptool invalidateFund a9b7713a4098c1a9c0a80133;
/Marketocracy/bin/fptool invalidateFund aa7d737747e03ca2c0a80133;
/Marketocracy/bin/fptool invalidateFund ab1a5a7e4506f7aac0a80134;
/Marketocracy/bin/fptool invalidateFund b079210f39c6af6fc0a801e0;
/Marketocracy/bin/fptool invalidateFund b19600e443a8cd78c0a80134;
/Marketocracy/bin/fptool invalidateFund b54d0284448f636cc0a80134;
/Marketocracy/bin/fptool invalidateFund b7631e2d44342644c0a80134;
/Marketocracy/bin/fptool invalidateFund b76d49e741c98633c0a80133;
/Marketocracy/bin/fptool invalidateFund b780638145ed791ec0a80135;
/Marketocracy/bin/fptool invalidateFund b8c270fa3e551054c0a80132;
/Marketocracy/bin/fptool invalidateFund b8f1747049870849c0a80133;
/Marketocracy/bin/fptool invalidateFund bb3e48a94430bb94c0a80134;
/Marketocracy/bin/fptool invalidateFund bbbc5ce647cc04c0c0a80133;
/Marketocracy/bin/fptool invalidateFund bbe90efe3bcf8045c0a801e0;
/Marketocracy/bin/fptool invalidateFund bc5c2ddd46c5faeec0a80135;
/Marketocracy/bin/fptool invalidateFund be406112484de6c6c0a80134;
/Marketocracy/bin/fptool invalidateFund bf3e665e458eb33bc0a80135;
/Marketocracy/bin/fptool invalidateFund c10b68034a0ba10ac0a80133;
/Marketocracy/bin/fptool invalidateFund c2581ed940fba36ec0a80134;
/Marketocracy/bin/fptool invalidateFund c435398146a57fcbc0a80132;
/Marketocracy/bin/fptool invalidateFund c5400dd33cd4de74c0a801e1;
/Marketocracy/bin/fptool invalidateFund c58857ac43812845c0a80132;
/Marketocracy/bin/fptool invalidateFund c89f4844485d68cfc0a80134;
/Marketocracy/bin/fptool invalidateFund ca4709193e3eabe4c0a80135;
/Marketocracy/bin/fptool invalidateFund cb65017a41e32614c0a80133;
/Marketocracy/bin/fptool invalidateFund cd8d2e1f41dd422bc0a80133;
/Marketocracy/bin/fptool invalidateFund ce35486942920c07c0a80133;
/Marketocracy/bin/fptool invalidateFund d0791fb246c841d9c0a80132;
/Marketocracy/bin/fptool invalidateFund d2fe2e5843da4ba8c0a80134;
/Marketocracy/bin/fptool invalidateFund d3e103623fa260e6c0a80133;
/Marketocracy/bin/fptool invalidateFund d4471ab143d3c504c0a80133;
/Marketocracy/bin/fptool invalidateFund d4783a1e421b8f94c0a80132;
/Marketocracy/bin/fptool invalidateFund d5b03e974653062ac0a80132;
/Marketocracy/bin/fptool invalidateFund d5cc735d4194639bc0a80134;
/Marketocracy/bin/fptool invalidateFund d75c5be147484ab3c0a80132;
/Marketocracy/bin/fptool invalidateFund d8281bf04239d284c0a80133;
/Marketocracy/bin/fptool invalidateFund dcb46daa41faf493c0a80134;
/Marketocracy/bin/fptool invalidateFund dd0a1a413b6ac6b2c0a80119;
/Marketocracy/bin/fptool invalidateFund ddf82246417310d8c0a80133;
/Marketocracy/bin/fptool invalidateFund dfeb136d45acea20c0a80134;
/Marketocracy/bin/fptool invalidateFund e0c8139847543dfdc0a80135;
/Marketocracy/bin/fptool invalidateFund e2773c1f48c7d358c0a80132;
/Marketocracy/bin/fptool invalidateFund e2df262b45a4e55dc0a80132;
/Marketocracy/bin/fptool invalidateFund e36e029445b3aaa4c0a80132;
/Marketocracy/bin/fptool invalidateFund e46767f643377d60c0a80132;
/Marketocracy/bin/fptool invalidateFund ea72029f4431d0bfc0a80134;
/Marketocracy/bin/fptool invalidateFund eb01561e44f86c89c0a80134;
/Marketocracy/bin/fptool invalidateFund eb6502033f0c16aac0a80132;
/Marketocracy/bin/fptool invalidateFund ec466e0545452e5dc0a80132;
/Marketocracy/bin/fptool invalidateFund ee6f574d42aee6ccc0a80132;
/Marketocracy/bin/fptool invalidateFund ee9d4b58452aea9dc0a80133;
/Marketocracy/bin/fptool invalidateFund ef2d029546321d37c0a80133;
/Marketocracy/bin/fptool invalidateFund f07d51793ff5c80ac0a80133;
/Marketocracy/bin/fptool invalidateFund f2b073d7417e6e99c0a80134;
/Marketocracy/bin/fptool invalidateFund f2c02cf545aa7691c0a80132;
/Marketocracy/bin/fptool invalidateFund f33147bf47a30e23c0a80134;
/Marketocracy/bin/fptool invalidateFund f3c316613d36152ac0a801e0;
/Marketocracy/bin/fptool invalidateFund f4083ade43e37ddfc0a80133;
/Marketocracy/bin/fptool invalidateFund f461485054cfc6ebc0a86f98;
/Marketocracy/bin/fptool invalidateFund f56b366b4209748dc0a80134;
/Marketocracy/bin/fptool invalidateFund f6af16e544293c07c0a80133;
/Marketocracy/bin/fptool invalidateFund f77f2c853e355935c0a80134;
/Marketocracy/bin/fptool invalidateFund f78d66e64a048acfc0a80135;
/Marketocracy/bin/fptool invalidateFund f7ac6956481f0863c0a80133;
/Marketocracy/bin/fptool invalidateFund fab671e74606f955c0a80135;
/Marketocracy/bin/fptool invalidateFund fb0c01074401e241c0a80134;
/Marketocracy/bin/fptool invalidateFund fba4619f417aa2dec0a80132;
/Marketocracy/bin/fptool invalidateFund fbca046543008a17c0a80134;
/Marketocracy/bin/fptool invalidateFund fdcd4f744945ed5ac0a80135;
/Marketocracy/bin/fptool invalidateFund ff9d47bf47a3107bc0a80134;
/Marketocracy/bin/fptool invalidateFund ffe047bf47a3113ec0a80134;