/Marketocracy/bin/fptool invalidateFund 01820ad43b098a2fc0a801e0;
/Marketocracy/bin/fptool invalidateFund 01df167739ffe9c0c0a801e0;
/Marketocracy/bin/fptool invalidateFund 0209213a3d0e2704c0a801e2;
/Marketocracy/bin/fptool invalidateFund 026c4d414043e094c0a80134;
/Marketocracy/bin/fptool invalidateFund 031a424039e52205c0a80118;
/Marketocracy/bin/fptool invalidateFund 04ff56a03b7d68a5c0a801e1;
/Marketocracy/bin/fptool invalidateFund 05192d3941b1f8e7c0a80133;
/Marketocracy/bin/fptool invalidateFund 05d63a093e491819c0a80135;
/Marketocracy/bin/fptool invalidateFund 06f403344110563ec0a80133;
/Marketocracy/bin/fptool invalidateFund 070832b840b38de3c0a80134;
/Marketocracy/bin/fptool invalidateFund 072015123ed8f4aec0a80134;
/Marketocracy/bin/fptool invalidateFund 0a040d383e68123cc0a80133;
/Marketocracy/bin/fptool invalidateFund 0ba144fe3f02f19cc0a80134;
/Marketocracy/bin/fptool invalidateFund 0bff23ca4031a9d1c0a80133;
/Marketocracy/bin/fptool invalidateFund 0c162da43b60e1a2c0a801e0;
/Marketocracy/bin/fptool invalidateFund 0c3d65674069d99bffffffff;
/Marketocracy/bin/fptool invalidateFund 0cab347341fa85f9c0a80132;
/Marketocracy/bin/fptool invalidateFund 0e5b083740809202ffffffff;
/Marketocracy/bin/fptool invalidateFund 0e7c03b73d8a182fc0a80118;
/Marketocracy/bin/fptool invalidateFund 0f183dff42e6fc75c0a80132;
/Marketocracy/bin/fptool invalidateFund 0f60691a3a0e8905c0a801e1;
/Marketocracy/bin/fptool invalidateFund 109642ad3f540ba4c0a80133;
/Marketocracy/bin/fptool invalidateFund 12006cfe39bee62cc0a801e0;
/Marketocracy/bin/fptool invalidateFund 12d34c9e3a8aef9bc0a801e1;
/Marketocracy/bin/fptool invalidateFund 12f2469441e13d9cc0a80132;
/Marketocracy/bin/fptool invalidateFund 13f3239240f2c83bc0a80133;
/Marketocracy/bin/fptool invalidateFund 14f63bf33d8b5ddbc0a80119;
/Marketocracy/bin/fptool invalidateFund 1538740b3a12a0fbc0a80118;
/Marketocracy/bin/fptool invalidateFund 159e6f3739e51ddbc0a80119;
/Marketocracy/bin/fptool invalidateFund 16141e9a3d0808b6c0a80118;
/Marketocracy/bin/fptool invalidateFund 16d555883a1da581c0a80119;
/Marketocracy/bin/fptool invalidateFund 16dd46a8462938d7c0a80135;
/Marketocracy/bin/fptool invalidateFund 17100ea63a0c9ac8c0a801e0;
/Marketocracy/bin/fptool invalidateFund 17a2050b3ccdde0bc0a80119;
/Marketocracy/bin/fptool invalidateFund 18523b403e112109c0a80133;
/Marketocracy/bin/fptool invalidateFund 18b037ec4284513fc0a80133;
/Marketocracy/bin/fptool invalidateFund 18d118cb3fe305cfc0a80134;
/Marketocracy/bin/fptool invalidateFund 196b06e53d986166c0a80132;
/Marketocracy/bin/fptool invalidateFund 1a831d393acb7004c0a80118;
/Marketocracy/bin/fptool invalidateFund 1b5e740b3a12a221c0a80118;
/Marketocracy/bin/fptool invalidateFund 1be34c013ba8beb5c0a80119;
/Marketocracy/bin/fptool invalidateFund 1cb431653d3e5b50c0a801e0;
/Marketocracy/bin/fptool invalidateFund 1cc346bf3b1568a2c0a801e0;
/Marketocracy/bin/fptool invalidateFund 1d36487c42014874c0a80134;
/Marketocracy/bin/fptool invalidateFund 1da264123f736146c0a80132;
/Marketocracy/bin/fptool invalidateFund 1dc619273b3b66eec0a801e0;
/Marketocracy/bin/fptool invalidateFund 1ddc00ea3cc468b8c0a80118;
/Marketocracy/bin/fptool invalidateFund 1e05200b3cc9b6a8c0a80118;
/Marketocracy/bin/fptool invalidateFund 1e1445dc3e2f3014c0a80135;
/Marketocracy/bin/fptool invalidateFund 1e621bcb3b8e6b07c0a801e0;
/Marketocracy/bin/fptool invalidateFund 20320db03d3e9aecc0a801e2;
/Marketocracy/bin/fptool invalidateFund 20886b9f423f0b38c0a80132;
/Marketocracy/bin/fptool invalidateFund 2101456c3b95aa5dc0a801e1;
/Marketocracy/bin/fptool invalidateFund 22543db63c557074c0a80119;
/Marketocracy/bin/fptool invalidateFund 2394160b454d4fb8c0a80135;
/Marketocracy/bin/fptool invalidateFund 23c0661441df656ac0a80132;
/Marketocracy/bin/fptool invalidateFund 245b0faa3abb4bf6c0a80118;
/Marketocracy/bin/fptool invalidateFund 245b60373fbc3ecec0a80132;
/Marketocracy/bin/fptool invalidateFund 251571da425a68dac0a80132;
/Marketocracy/bin/fptool invalidateFund 25c05798397cf863c0a80119;
/Marketocracy/bin/fptool invalidateFund 264c1f8e3ec284d9c0a80134;
/Marketocracy/bin/fptool invalidateFund 272a4e15398647e1c0a801e1;
/Marketocracy/bin/fptool invalidateFund 2750696a398f2a14c0a801e1;
/Marketocracy/bin/fptool invalidateFund 27594aaf3b983638c0a80119;
/Marketocracy/bin/fptool invalidateFund 278006223a1be174c0a801e0;
/Marketocracy/bin/fptool invalidateFund 27c753ff4207c383c0a80132;
/Marketocracy/bin/fptool invalidateFund 28e8212241489788c0a8013c;
/Marketocracy/bin/fptool invalidateFund 296a054b4ae8f2d5c0a80132;
/Marketocracy/bin/fptool invalidateFund 29dd61e93e235664c0a80132;
/Marketocracy/bin/fptool invalidateFund 2a3857fc3a0dc94bc0a801e1;
/Marketocracy/bin/fptool invalidateFund 2a53694b3a38ce0dc0a80118;
/Marketocracy/bin/fptool invalidateFund 2a9d4e15398649d3c0a801e1;
/Marketocracy/bin/fptool invalidateFund 2bbf21a43d6789f4c0a80119;
/Marketocracy/bin/fptool invalidateFund 2bdd62943d319a83c0a801e0;
/Marketocracy/bin/fptool invalidateFund 2c070335456a4124c0a80133;
/Marketocracy/bin/fptool invalidateFund 2caa5dfe3a02ee0dc0a801e0;
/Marketocracy/bin/fptool invalidateFund 2ce474d83f1d78fdc0a80133;
/Marketocracy/bin/fptool invalidateFund 2d7f5c513fbd2bebc0a80132;
/Marketocracy/bin/fptool invalidateFund 2dc10811406d829dffffffff;
/Marketocracy/bin/fptool invalidateFund 2dcf5c2341cb6032c0a80134;
/Marketocracy/bin/fptool invalidateFund 2dfa3e4a3dcfb97cc0a80134;
/Marketocracy/bin/fptool invalidateFund 2e4639a646810534c0a80133;
/Marketocracy/bin/fptool invalidateFund 2e84523e3d4d8850c0a801e2;
/Marketocracy/bin/fptool invalidateFund 2f0046d13a0ae41fc0a801e0;
/Marketocracy/bin/fptool invalidateFund 306364c43ee7bd08c0a80133;
/Marketocracy/bin/fptool invalidateFund 30ff6b113a420b8fc0a801e1;
/Marketocracy/bin/fptool invalidateFund 320701483ed15b62c0a80133;
/Marketocracy/bin/fptool invalidateFund 3269685f3df6678fc0a80135;
/Marketocracy/bin/fptool invalidateFund 33391c383987479ac0a80119;
/Marketocracy/bin/fptool invalidateFund 3396210d3c48a643c0a80119;
/Marketocracy/bin/fptool invalidateFund 3440251f41fdc11ac0a80133;
/Marketocracy/bin/fptool invalidateFund 350e3efe43ff3406c0a80133;
/Marketocracy/bin/fptool invalidateFund 355914f23b572b5cc0a80118;
/Marketocracy/bin/fptool invalidateFund 35875ce73fa97e52c0a80132;
/Marketocracy/bin/fptool invalidateFund 360203893b6717bfc0a80119;
/Marketocracy/bin/fptool invalidateFund 363b28ee3ae4851bc0a801e1;
/Marketocracy/bin/fptool invalidateFund 36514b14417d4167c0a80134;
/Marketocracy/bin/fptool invalidateFund 36875e563b8f9176c0a80119;
/Marketocracy/bin/fptool invalidateFund 368f02153d4a04f1c0a801e2;
/Marketocracy/bin/fptool invalidateFund 37871096462d5edbc0a80132;
/Marketocracy/bin/fptool invalidateFund 37fa33283a9f1cfbc0a801e0;
/Marketocracy/bin/fptool invalidateFund 3b1604f340820811ffffffff;
/Marketocracy/bin/fptool invalidateFund 3b5d047e3b7c91edc0a80118;
/Marketocracy/bin/fptool invalidateFund 3b6418883a214667c0a80119;
/Marketocracy/bin/fptool invalidateFund 3be4100e3b154993c0a801e0;
/Marketocracy/bin/fptool invalidateFund 3c7e34464569f87cc0a80134;
/Marketocracy/bin/fptool invalidateFund 3c9564e93eb6e411c0a80132;
/Marketocracy/bin/fptool invalidateFund 3d9154d13e64fd04c0a80133;
/Marketocracy/bin/fptool invalidateFund 3db304963f5de492c0a80133;
/Marketocracy/bin/fptool invalidateFund 3de42f3c464b09c5c0a80133;
/Marketocracy/bin/fptool invalidateFund 3ea50eb4456baedfc0a80134;
/Marketocracy/bin/fptool invalidateFund 3ef6662e3baaf3f0c0a80118;
/Marketocracy/bin/fptool invalidateFund 3f4401ce3f7a6b54c0a80134;
/Marketocracy/bin/fptool invalidateFund 3fe6302d3d63dba8c0a801e2;
/Marketocracy/bin/fptool invalidateFund 405d48263974647dc0a801e1;
/Marketocracy/bin/fptool invalidateFund 412e2184465c9d5cc0a80133;
/Marketocracy/bin/fptool invalidateFund 41492e813f0b64cec0a80134;
/Marketocracy/bin/fptool invalidateFund 416229773b5ee709c0a801e0;
/Marketocracy/bin/fptool invalidateFund 42095d483cf5ac24c0a801e0;
/Marketocracy/bin/fptool invalidateFund 42b85da43ce672fac0a801e1;
/Marketocracy/bin/fptool invalidateFund 42bb0b6a3a637742c0a80118;
/Marketocracy/bin/fptool invalidateFund 42d9145b3a7639f6c0a801e0;
/Marketocracy/bin/fptool invalidateFund 43ff118f45592d73c0a80133;
/Marketocracy/bin/fptool invalidateFund 44a9035e3ff17ebdc0a80134;
/Marketocracy/bin/fptool invalidateFund 46bc4171397602c6c0a801e0;
/Marketocracy/bin/fptool invalidateFund 46c1072e3fde72eec0a80134;
/Marketocracy/bin/fptool invalidateFund 4a15239b3d6a7bbbc0a801e2;
/Marketocracy/bin/fptool invalidateFund 4a5b5fc545ff6c60c0a80132;
/Marketocracy/bin/fptool invalidateFund 4ab207e642e1c94dc0a80132;
/Marketocracy/bin/fptool invalidateFund 4b050a2f3a84074ac0a801e0;
/Marketocracy/bin/fptool invalidateFund 4d7d6cd0425e6681c0a80133;
/Marketocracy/bin/fptool invalidateFund 4e3c4ea83eebc037c0a80134;
/Marketocracy/bin/fptool invalidateFund 4e543c4a3bfbd3d2c0a80118;
/Marketocracy/bin/fptool invalidateFund 4f030eb23979f91ec0a801e1;
/Marketocracy/bin/fptool invalidateFund 4f4c2bb939f2063cc0a80118;
/Marketocracy/bin/fptool invalidateFund 4f7c378e3f451480c0a80134;
/Marketocracy/bin/fptool invalidateFund 503310583a88b34fc0a80118;
/Marketocracy/bin/fptool invalidateFund 506f5a2e39fc52dbc0a80118;
/Marketocracy/bin/fptool invalidateFund 50c935713d252b2cc0a80119;
/Marketocracy/bin/fptool invalidateFund 527946853ee16ed1c0a80132;
/Marketocracy/bin/fptool invalidateFund 527d3bb53a0a7c2dc0a801e1;
/Marketocracy/bin/fptool invalidateFund 52803bb53a0a7eb1c0a801e1;
/Marketocracy/bin/fptool invalidateFund 53b506223a516b15c0a801e1;
/Marketocracy/bin/fptool invalidateFund 53bb06223a516bd5c0a801e1;
/Marketocracy/bin/fptool invalidateFund 53f144fe3f02fb01c0a80134;
/Marketocracy/bin/fptool invalidateFund 5565661e397d1f54c0a80118;
/Marketocracy/bin/fptool invalidateFund 55f84dc53edfd909c0a80133;
/Marketocracy/bin/fptool invalidateFund 571243423a2537cbc0a801e1;
/Marketocracy/bin/fptool invalidateFund 57135ed13f295e4ac0a80134;
/Marketocracy/bin/fptool invalidateFund 58052f134b98437dc0a80135;
/Marketocracy/bin/fptool invalidateFund 59715f4e3bb8b72dc0a801e1;
/Marketocracy/bin/fptool invalidateFund 5aa02ddc3c487cbdc0a801e0;
/Marketocracy/bin/fptool invalidateFund 5ad1436644347916c0a80132;
/Marketocracy/bin/fptool invalidateFund 5cd72d753b6f04d1c0a80118;
/Marketocracy/bin/fptool invalidateFund 5e615b693d8f8cd8c0a80132;
/Marketocracy/bin/fptool invalidateFund 5eb774dd3e4c71f6c0a80133;
/Marketocracy/bin/fptool invalidateFund 603503683bf65130c0a80118;
/Marketocracy/bin/fptool invalidateFund 608c54d23aa971c5c0a801e1;
/Marketocracy/bin/fptool invalidateFund 612a32ce39c7af3bc0a801e1;
/Marketocracy/bin/fptool invalidateFund 623d308e3f6f47d0c0a80133;
/Marketocracy/bin/fptool invalidateFund 637353213e1defb5c0a80135;
/Marketocracy/bin/fptool invalidateFund 63b409693a351391c0a80119;
/Marketocracy/bin/fptool invalidateFund 63e64a553eba8764c0a80132;
/Marketocracy/bin/fptool invalidateFund 649474223e53ca58c0a80133;
/Marketocracy/bin/fptool invalidateFund 65a93de9418aa2e7c0a8013c;
/Marketocracy/bin/fptool invalidateFund 65ad3de9418aa2f1c0a8013c;
/Marketocracy/bin/fptool invalidateFund 66ec108539c9ec89c0a80151;
/Marketocracy/bin/fptool invalidateFund 6817710b416a7cd0c0a80132;
/Marketocracy/bin/fptool invalidateFund 6a7767d4443676aec0a80134;
/Marketocracy/bin/fptool invalidateFund 6ae259913e52c784c0a80133;
/Marketocracy/bin/fptool invalidateFund 6aed38e53998d8e1c0a801e0;
/Marketocracy/bin/fptool invalidateFund 6bc55dd33ed13b62c0a80134;
/Marketocracy/bin/fptool invalidateFund 6cbc40524239e6a8c0a80133;
/Marketocracy/bin/fptool invalidateFund 6e830dfa3d5371c0c0a801e2;
/Marketocracy/bin/fptool invalidateFund 6ea72aac3c2a169dc0a801e0;
/Marketocracy/bin/fptool invalidateFund 6f2333253c8111a0c0a80119;
/Marketocracy/bin/fptool invalidateFund 6f41688a3a8cf108c0a801e0;
/Marketocracy/bin/fptool invalidateFund 6fd549014065a5b2ffffffff;
/Marketocracy/bin/fptool invalidateFund 706b2f663b5dddd1c0a801e0;
/Marketocracy/bin/fptool invalidateFund 7115687644791fd4c0a80132;
/Marketocracy/bin/fptool invalidateFund 714110223e05580cc0a80135;
/Marketocracy/bin/fptool invalidateFund 7204378e3f451b4fc0a80134;
/Marketocracy/bin/fptool invalidateFund 723a554945e456bec0a80135;
/Marketocracy/bin/fptool invalidateFund 733d522639ff0a47c0a801e0;
/Marketocracy/bin/fptool invalidateFund 7380700c3f0c2090c0a80134;
/Marketocracy/bin/fptool invalidateFund 73d069963f98616fc0a80133;
/Marketocracy/bin/fptool invalidateFund 748159af3e63e725c0a80134;
/Marketocracy/bin/fptool invalidateFund 750d17793fc05acdc0a80134;
/Marketocracy/bin/fptool invalidateFund 75a76b793ad748b7c0a80119;
/Marketocracy/bin/fptool invalidateFund 76145a313da447d7c0a80135;
/Marketocracy/bin/fptool invalidateFund 775200df475110bdc0a80135;
/Marketocracy/bin/fptool invalidateFund 779652134026ce65c0a80132;
/Marketocracy/bin/fptool invalidateFund 77d86d4c39ff6a35c0a801e0;
/Marketocracy/bin/fptool invalidateFund 783203663fea3ae4c0a80132;
/Marketocracy/bin/fptool invalidateFund 7916db3d55367f748093c9b8;
/Marketocracy/bin/fptool invalidateFund 79895c1745799457c0a80133;
/Marketocracy/bin/fptool invalidateFund 79db03c54540f90dc0a80133;
/Marketocracy/bin/fptool invalidateFund 7a7d3d5d3a01d7c1c0a801e0;
/Marketocracy/bin/fptool invalidateFund 7c6c71623b6ed463c0a80119;
/Marketocracy/bin/fptool invalidateFund 7d995c863d846406c0a801e0;
/Marketocracy/bin/fptool invalidateFund 7e323f153defe39ec0a80133;
/Marketocracy/bin/fptool invalidateFund 7e7228d13a29bef8c0a801e0;
/Marketocracy/bin/fptool invalidateFund 7e7366f2466274c7c0a80132;
/Marketocracy/bin/fptool invalidateFund 803e22f53f8c2381c0a80133;
/Marketocracy/bin/fptool invalidateFund 807503c03d331d76c0a80119;
/Marketocracy/bin/fptool invalidateFund 80e94e103ebab725c0a80133;
/Marketocracy/bin/fptool invalidateFund 814150f0413c5157c0a80133;
/Marketocracy/bin/fptool invalidateFund 816e18653d5ef7f0c0a801e0;
/Marketocracy/bin/fptool invalidateFund 81b371af3e15e1dec0a80133;
/Marketocracy/bin/fptool invalidateFund 825741063ea48123c0a80134;
/Marketocracy/bin/fptool invalidateFund 83de1c213d6a2949c0a801e0;
/Marketocracy/bin/fptool invalidateFund 846b21413ea62e1ac0a80134;
/Marketocracy/bin/fptool invalidateFund 846c4d2842e1ce73c0a80133;
/Marketocracy/bin/fptool invalidateFund 84c329f63a1ce4a3c0a801e0;
/Marketocracy/bin/fptool invalidateFund 84dd02983d97e9a0c0a80133;
/Marketocracy/bin/fptool invalidateFund 85ce04f83cf1a1adc0a80119;
/Marketocracy/bin/fptool invalidateFund 867f478e40478a87c0a80134;
/Marketocracy/bin/fptool invalidateFund 871a15b5403d7fb9c0a80132;
/Marketocracy/bin/fptool invalidateFund 87395cd33d59b6f2c0a801e2;
/Marketocracy/bin/fptool invalidateFund 895d105e4578d4e3c0a80134;
/Marketocracy/bin/fptool invalidateFund 897f46ee39edf004c0a80119;
/Marketocracy/bin/fptool invalidateFund 8a002f5041dd51aac0a80132;
/Marketocracy/bin/fptool invalidateFund 8b1e622040fe863ec0a80134;
/Marketocracy/bin/fptool invalidateFund 8b25228642882af9c0a80134;
/Marketocracy/bin/fptool invalidateFund 8bc0742941d5e06dc0a80134;
/Marketocracy/bin/fptool invalidateFund 8ca1200c3c14369dc0a80118;
/Marketocracy/bin/fptool invalidateFund 8d4e22323eb93204c0a80132;
/Marketocracy/bin/fptool invalidateFund 8dab6db2397fbaa9c0a80119;
/Marketocracy/bin/fptool invalidateFund 8e3d21763cbce818c0a801e0;
/Marketocracy/bin/fptool invalidateFund 8f0e7d624148e93c6cb27e72;
/Marketocracy/bin/fptool invalidateFund 8f1c71114282d284c0a80133;
/Marketocracy/bin/fptool invalidateFund 8f6c179d420d3193c0a80133;
/Marketocracy/bin/fptool invalidateFund 8ff320f140c77855c0a80132;
/Marketocracy/bin/fptool invalidateFund 90686099456940dcc0a80133;
/Marketocracy/bin/fptool invalidateFund 90ee265f3f7c67d0c0a80132;
/Marketocracy/bin/fptool invalidateFund 915d0b3e3fcdefa4c0a80133;
/Marketocracy/bin/fptool invalidateFund 9198475a39a5c717c0a801e0;
/Marketocracy/bin/fptool invalidateFund 92174b203df89619c0a80134;
/Marketocracy/bin/fptool invalidateFund 93955184397d082bc0a80118;
/Marketocracy/bin/fptool invalidateFund 941d24f53b324bb3c0a80118;
/Marketocracy/bin/fptool invalidateFund 95a525c93a16df5fc0a801e0;
/Marketocracy/bin/fptool invalidateFund 96e66fdd46012a6fc0a80133;
/Marketocracy/bin/fptool invalidateFund 973c232f403a1f1ac0a80134;
/Marketocracy/bin/fptool invalidateFund 9744531f3dbae343c0a80132;
/Marketocracy/bin/fptool invalidateFund 98110f913f2a27d3c0a80134;
/Marketocracy/bin/fptool invalidateFund 99191e2240915063c0a80132;
/Marketocracy/bin/fptool invalidateFund 9aa9070945a4b384c0a80135;
/Marketocracy/bin/fptool invalidateFund 9abc1b333cd03f3cc0a80118;
/Marketocracy/bin/fptool invalidateFund 9b674eeb39873aadc0a80118;
/Marketocracy/bin/fptool invalidateFund 9b9129813e7e8e9cc0a80132;
/Marketocracy/bin/fptool invalidateFund 9e4e6f0d3da5cf5ec0a80132;
/Marketocracy/bin/fptool invalidateFund 9f6720f73a9e4b57c0a801e1;
/Marketocracy/bin/fptool invalidateFund 9fb50ed13e1e26f7c0a80133;
/Marketocracy/bin/fptool invalidateFund 9fd20f223d3c4151c0a801e0;
/Marketocracy/bin/fptool invalidateFund a06140553a952bd8c0a801e0;
/Marketocracy/bin/fptool invalidateFund a0901d713d56c7e3c0a801e2;
/Marketocracy/bin/fptool invalidateFund a0d6604843d104fec0a80133;
/Marketocracy/bin/fptool invalidateFund a23939e53d989becc0a80135;
/Marketocracy/bin/fptool invalidateFund a3d646e63d57cd0fc0a80118;
/Marketocracy/bin/fptool invalidateFund a414515f3af67f52c0a801e0;
/Marketocracy/bin/fptool invalidateFund a41e349b469f75dbc0a80134;
/Marketocracy/bin/fptool invalidateFund a42b6bf23d4469a3c0a80119;
/Marketocracy/bin/fptool invalidateFund a5894b443b07c343c0a80118;
/Marketocracy/bin/fptool invalidateFund a5ed158840607b85ffffffff;
/Marketocracy/bin/fptool invalidateFund a718207f39773bb6c0a801e1;
/Marketocracy/bin/fptool invalidateFund a75036ff3b701652c0a80118;
/Marketocracy/bin/fptool invalidateFund a77e13843ece939fc0a80132;
/Marketocracy/bin/fptool invalidateFund a84620513fdf1d2ec0a80133;
/Marketocracy/bin/fptool invalidateFund a91c751f3ac5c0c4c0a80119;
/Marketocracy/bin/fptool invalidateFund a931691f3bec0a4cc0a80118;
/Marketocracy/bin/fptool invalidateFund aa0a64013ff58a11c0a80133;
/Marketocracy/bin/fptool invalidateFund aa0f034b3a38f802c0a801e1;
/Marketocracy/bin/fptool invalidateFund aa56380a39863f3ac0a801e1;
/Marketocracy/bin/fptool invalidateFund aa6c65013af43afcc0a801e0;
/Marketocracy/bin/fptool invalidateFund ab894aa13a06566cc0a80119;
/Marketocracy/bin/fptool invalidateFund abb265f03da4c36bc0a80133;
/Marketocracy/bin/fptool invalidateFund abde0354400f14c7c0a80133;
/Marketocracy/bin/fptool invalidateFund abf02929476f12a9c0a80135;
/Marketocracy/bin/fptool invalidateFund accd4cf13af158dfc0a801e1;
/Marketocracy/bin/fptool invalidateFund acf34fc43bd798eec0a80118;
/Marketocracy/bin/fptool invalidateFund ad1a345b3bb1085dc0a801e0;
/Marketocracy/bin/fptool invalidateFund adea2ce13c4db488c0a801e0;
/Marketocracy/bin/fptool invalidateFund ae0173273dffc60fc0a80133;
/Marketocracy/bin/fptool invalidateFund aec705b6425fb203c0a80133;
/Marketocracy/bin/fptool invalidateFund af1a21b139f5dfb8c0a801e0;
/Marketocracy/bin/fptool invalidateFund af5f68ed3bca24eec0a80119;
/Marketocracy/bin/fptool invalidateFund b1b741c63a81fcc8c0a80119;
/Marketocracy/bin/fptool invalidateFund b3565f4e3bb88f22c0a801e1;
/Marketocracy/bin/fptool invalidateFund b3fa6423401c4c91c0a80134;
/Marketocracy/bin/fptool invalidateFund b771545439b96e53c0a801e0;
/Marketocracy/bin/fptool invalidateFund b7b76da3461fb7cfc0a80134;
/Marketocracy/bin/fptool invalidateFund b7de5b3c3a5104b5c0a80119;
/Marketocracy/bin/fptool invalidateFund b7e422a73994987dc0a801e1;
/Marketocracy/bin/fptool invalidateFund b7eb6176399c825cc0a80119;
/Marketocracy/bin/fptool invalidateFund b8b94ea53b50f707c0a801e1;
/Marketocracy/bin/fptool invalidateFund b9d52d7f3e491436c0a80133;
/Marketocracy/bin/fptool invalidateFund bad9495f3a2c2b9fc0a80118;
/Marketocracy/bin/fptool invalidateFund bb4132b840b3867bc0a80134;
/Marketocracy/bin/fptool invalidateFund bb5a61f33ee09c45c0a80134;
/Marketocracy/bin/fptool invalidateFund bb8f0ea0397a02fec0a801e1;
/Marketocracy/bin/fptool invalidateFund bcf4309e3bba4a83c0a80119;
/Marketocracy/bin/fptool invalidateFund be4352673d6d5332c0a801e2;
/Marketocracy/bin/fptool invalidateFund bebb051939ef4927c0a801e0;
/Marketocracy/bin/fptool invalidateFund bf31659d3c86705dc0a801e1;
/Marketocracy/bin/fptool invalidateFund c09418c73ee87d4cc0a80132;
/Marketocracy/bin/fptool invalidateFund c1111b673bed6501c0a80119;
/Marketocracy/bin/fptool invalidateFund c19b6b2939f371dfc0a80118;
/Marketocracy/bin/fptool invalidateFund c21968763c6089efc0a801e1;
/Marketocracy/bin/fptool invalidateFund c30622233b82e29dc0a80119;
/Marketocracy/bin/fptool invalidateFund c3902d1a418a9964c0a8013c;
/Marketocracy/bin/fptool invalidateFund c4d6560750195127c0a80132;
/Marketocracy/bin/fptool invalidateFund c4ef17f43a7c8750c0a80119;
/Marketocracy/bin/fptool invalidateFund c62b4e063bba7ca7c0a80118;
/Marketocracy/bin/fptool invalidateFund c65206003982052ac0a80118;
/Marketocracy/bin/fptool invalidateFund c7316fe639767d99c0a801e1;
/Marketocracy/bin/fptool invalidateFund c7a24a3539f7657fc0a80118;
/Marketocracy/bin/fptool invalidateFund c7a651933f651b37c0a80133;
/Marketocracy/bin/fptool invalidateFund c906553139d64529c0a80119;
/Marketocracy/bin/fptool invalidateFund c9ed120e39cade67c0a80151;
/Marketocracy/bin/fptool invalidateFund cb59581e3a9c001fc0a801e0;
/Marketocracy/bin/fptool invalidateFund cb5e310441110c77c0a80133;
/Marketocracy/bin/fptool invalidateFund cbf50bc73d3a4b03c0a801e2;
/Marketocracy/bin/fptool invalidateFund ce0038613d5d4d68c0a801e0;
/Marketocracy/bin/fptool invalidateFund ce5d09713da6af75c0a80132;
/Marketocracy/bin/fptool invalidateFund cf111ed63d6a897dc0a801e0;
/Marketocracy/bin/fptool invalidateFund d04c30cb398890fbc0a80118;
/Marketocracy/bin/fptool invalidateFund d0ac0ab33c87f1e8c0a80118;
/Marketocracy/bin/fptool invalidateFund d1540284401aafaac0a80132;
/Marketocracy/bin/fptool invalidateFund d16871eb3fe8f10ac0a80134;
/Marketocracy/bin/fptool invalidateFund d20d038a3ae88677c0a80118;
/Marketocracy/bin/fptool invalidateFund d27553483d5eb2d9c0a80119;
/Marketocracy/bin/fptool invalidateFund d35921c23f33d424c0a80132;
/Marketocracy/bin/fptool invalidateFund d3b93df139c805a2c0a801e0;
/Marketocracy/bin/fptool invalidateFund d4135fe03b62f8aac0a80118;
/Marketocracy/bin/fptool invalidateFund d41e4fc23e1a3618c0a80135;
/Marketocracy/bin/fptool invalidateFund d4da400e456f6096c0a80133;
/Marketocracy/bin/fptool invalidateFund d58d2a634194d826c0a80133;
/Marketocracy/bin/fptool invalidateFund d5f660c63aed8c4ac0a80118;
/Marketocracy/bin/fptool invalidateFund d63601cb423d0ab4c0a80134;
/Marketocracy/bin/fptool invalidateFund d89e369c3aa67739c0a80119;
/Marketocracy/bin/fptool invalidateFund d8ea116a3f0390f7c0a80133;
/Marketocracy/bin/fptool invalidateFund d8ff496c3c557d70c0a80119;
/Marketocracy/bin/fptool invalidateFund d91267ca3a1e7475c0a801e0;
/Marketocracy/bin/fptool invalidateFund d95f1bb63a774a18c0a801e1;
/Marketocracy/bin/fptool invalidateFund d96442463b6827cac0a80118;
/Marketocracy/bin/fptool invalidateFund da0201bf3f34aa0bc0a80133;
/Marketocracy/bin/fptool invalidateFund da776d9b3a51e522c0a80119;
/Marketocracy/bin/fptool invalidateFund dabb74e0397260ecc0a80118;
/Marketocracy/bin/fptool invalidateFund dc8c063b3abd02a3c0a80119;
/Marketocracy/bin/fptool invalidateFund dc95679e45cf62fcc0a80132;
/Marketocracy/bin/fptool invalidateFund dcb803403f7bfd9dc0a80132;
/Marketocracy/bin/fptool invalidateFund dd9003743f317706c0a80132;
/Marketocracy/bin/fptool invalidateFund dd905c903ff1e93bc0a80132;
/Marketocracy/bin/fptool invalidateFund dddb3d413ef123a3c0a80132;
/Marketocracy/bin/fptool invalidateFund dde41c733c6bcdf0c0a801e1;
/Marketocracy/bin/fptool invalidateFund de152e7a3ca08ad6c0a801e1;
/Marketocracy/bin/fptool invalidateFund df9145763d7f94c5c0a801e2;
/Marketocracy/bin/fptool invalidateFund dfd521eb3c1a316ec0a801e0;
/Marketocracy/bin/fptool invalidateFund e05255e3494af837c0a80134;
/Marketocracy/bin/fptool invalidateFund e0fc3f1d3aad8147c0a80119;
/Marketocracy/bin/fptool invalidateFund e1b626b93edabd11c0a80132;
/Marketocracy/bin/fptool invalidateFund e3302fd44022bbe9c0a80133;
/Marketocracy/bin/fptool invalidateFund e33204a73be74198c0a801e9;
/Marketocracy/bin/fptool invalidateFund e3395e0c3f29492ac0a80132;
/Marketocracy/bin/fptool invalidateFund e47917154282f073c0a80132;
/Marketocracy/bin/fptool invalidateFund e51f02b340183eebc0a80133;
/Marketocracy/bin/fptool invalidateFund e5f8498a3b6e29d1c0a80119;
/Marketocracy/bin/fptool invalidateFund e72d47053fa97ad7c0a80134;
/Marketocracy/bin/fptool invalidateFund e81d23443accd409c0a801e0;
/Marketocracy/bin/fptool invalidateFund e867326b3b5f1b8dc0a801e0;
/Marketocracy/bin/fptool invalidateFund e8771d363a86090bc0a801e0;
/Marketocracy/bin/fptool invalidateFund e8b22d113fd712c5c0a80132;
/Marketocracy/bin/fptool invalidateFund e91927dd3f535992c0a80134;
/Marketocracy/bin/fptool invalidateFund e9665a213a1a5f62c0a801e0;
/Marketocracy/bin/fptool invalidateFund e9695a213a1a5fa5c0a801e0;
/Marketocracy/bin/fptool invalidateFund eb2028433cab3476c0a801e1;
/Marketocracy/bin/fptool invalidateFund eb6c092039d2ffb3c0a80118;
/Marketocracy/bin/fptool invalidateFund eb7e1b0f3e255d4dc0a80134;
/Marketocracy/bin/fptool invalidateFund ec850a493f1b3295c0a80134;
/Marketocracy/bin/fptool invalidateFund ecca10fd3b5e6a3ec0a801e0;
/Marketocracy/bin/fptool invalidateFund ecd1136e3982202ec0a80118;
/Marketocracy/bin/fptool invalidateFund ed85301939fdaf31c0a80118;
/Marketocracy/bin/fptool invalidateFund ee6b41ca3ddc6dffc0a80132;
/Marketocracy/bin/fptool invalidateFund eec626813f69ef3ac0a80132;
/Marketocracy/bin/fptool invalidateFund f0e408504131f8dfc0a80134;
/Marketocracy/bin/fptool invalidateFund f11e4fcc3b5f4e75c0a80118;
/Marketocracy/bin/fptool invalidateFund f185094d3fe35a5ac0a80132;
/Marketocracy/bin/fptool invalidateFund f281449b397ce05dc0a80118;
/Marketocracy/bin/fptool invalidateFund f33b73bb3d1b03a1c0a801e1;
/Marketocracy/bin/fptool invalidateFund f429302944f33e78c0a80134;
/Marketocracy/bin/fptool invalidateFund f4525f6f3ac51afec0a801e1;
/Marketocracy/bin/fptool invalidateFund f4d310c43a93e385c0a80119;
/Marketocracy/bin/fptool invalidateFund f56b4d0a3a2573efc0a80119;
/Marketocracy/bin/fptool invalidateFund f60438613d5d50fdc0a801e0;
/Marketocracy/bin/fptool invalidateFund f78217943b351ee8c0a80119;
/Marketocracy/bin/fptool invalidateFund f825448d3b07a718c0a801e1;
/Marketocracy/bin/fptool invalidateFund fa656b153d6ff44cc0a801e2;
/Marketocracy/bin/fptool invalidateFund faa41dc53f158647c0a80133;
/Marketocracy/bin/fptool invalidateFund fc4503653f1cdbdfc0a80133;
/Marketocracy/bin/fptool invalidateFund fcbe101a3ca481c4c0a801e0;
/Marketocracy/bin/fptool invalidateFund fcea23283ac273fac0a801e0;
/Marketocracy/bin/fptool invalidateFund fd2403703e3273d5c0a80132;
/Marketocracy/bin/fptool invalidateFund fd9553f63ed4afa6c0a80133;
/Marketocracy/bin/fptool invalidateFund fe4a2aa63f4a6d73c0a80133;
/Marketocracy/bin/fptool invalidateFund ff8552bc453e42d8c0a80133;