/Marketocracy/bin/fptool invalidateFund 00744e1045b01b3bc0a80134;
/Marketocracy/bin/fptool invalidateFund 011103773f05003ec0a80133;
/Marketocracy/bin/fptool invalidateFund 011e1e363a1c92b7c0a80119;
/Marketocracy/bin/fptool invalidateFund 01a5503439e4dc61c0a80119;
/Marketocracy/bin/fptool invalidateFund 02004ce63a153beec0a80119;
/Marketocracy/bin/fptool invalidateFund 04e164fd4d162bbbc0a80134;
/Marketocracy/bin/fptool invalidateFund 05d868163eea1f41c0a80134;
/Marketocracy/bin/fptool invalidateFund 060a16f839aec024c0a801e1;
/Marketocracy/bin/fptool invalidateFund 067b645b3a2711e1c0a801e1;
/Marketocracy/bin/fptool invalidateFund 06e551dc3a013641c0a801e1;
/Marketocracy/bin/fptool invalidateFund 0757730b39e3b992c0a80119;
/Marketocracy/bin/fptool invalidateFund 085727b13a1c71bfc0a801e1;
/Marketocracy/bin/fptool invalidateFund 095b6e0f3b62fee0c0a801e1;
/Marketocracy/bin/fptool invalidateFund 0b7356e040604399ffffffff;
/Marketocracy/bin/fptool invalidateFund 0bca0ef43a06f37dc0a80118;
/Marketocracy/bin/fptool invalidateFund 0be85fd13cc50b0cc0a80119;
/Marketocracy/bin/fptool invalidateFund 0c4670cf3bd97218c0a80119;
/Marketocracy/bin/fptool invalidateFund 0cd1720f3b7a99c1c0a801e1;
/Marketocracy/bin/fptool invalidateFund 0cdb6ba03abbde87c0a801e0;
/Marketocracy/bin/fptool invalidateFund 0d455b6639fe4b1bc0a80118;
/Marketocracy/bin/fptool invalidateFund 0d72514f3a8ac9dfc0a801e0;
/Marketocracy/bin/fptool invalidateFund 0e8c526d3f043a68c0a80133;
/Marketocracy/bin/fptool invalidateFund 0fdb3aeb39ddef99c0a80119;
/Marketocracy/bin/fptool invalidateFund 10d548b13ed8fe39c0a80132;
/Marketocracy/bin/fptool invalidateFund 10d90c58399803f0c0a80151;
/Marketocracy/bin/fptool invalidateFund 10f2283749720d90c0a80133;
/Marketocracy/bin/fptool invalidateFund 116f51db39c9161ec0a801e1;
/Marketocracy/bin/fptool invalidateFund 117744613a1a814dc0a80119;
/Marketocracy/bin/fptool invalidateFund 120e5ea039e41e09c0a80118;
/Marketocracy/bin/fptool invalidateFund 122d0294440c8e25c0a80132;
/Marketocracy/bin/fptool invalidateFund 123253ec3b05b79cc0a80118;
/Marketocracy/bin/fptool invalidateFund 134610d7443b1720c0a80133;
/Marketocracy/bin/fptool invalidateFund 13a9445b39ff0ffdc0a801e1;
/Marketocracy/bin/fptool invalidateFund 14076e25396ea023c0a80118;
/Marketocracy/bin/fptool invalidateFund 14a437ed3f6528b2c0a80134;
/Marketocracy/bin/fptool invalidateFund 156a5e083b28cd65c0a801e0;
/Marketocracy/bin/fptool invalidateFund 156c0edf4300a8c2c0a80132;
/Marketocracy/bin/fptool invalidateFund 15890f423f6140d1c0a80134;
/Marketocracy/bin/fptool invalidateFund 160e6a203a68f699c0a80118;
/Marketocracy/bin/fptool invalidateFund 16966a1b3a312980c0a801e0;
/Marketocracy/bin/fptool invalidateFund 1738167b3a5120c2c0a80118;
/Marketocracy/bin/fptool invalidateFund 19a514233b61b694c0a801e1;
/Marketocracy/bin/fptool invalidateFund 1a0a4d2939dded8ac0a80118;
/Marketocracy/bin/fptool invalidateFund 1a2959cb399429f3c0a801e0;
/Marketocracy/bin/fptool invalidateFund 1a55053339c3bc9dc0a80151;
/Marketocracy/bin/fptool invalidateFund 1a6a19144654c079c0a80135;
/Marketocracy/bin/fptool invalidateFund 1aa5306b39fe1737c0a801e1;
/Marketocracy/bin/fptool invalidateFund 1c694f2539dce6bcc0a80119;
/Marketocracy/bin/fptool invalidateFund 1c7f2f093c71be89c0a80118;
/Marketocracy/bin/fptool invalidateFund 1ce223823976f232c0a801e0;
/Marketocracy/bin/fptool invalidateFund 1d210be139b2b368c0a80151;
/Marketocracy/bin/fptool invalidateFund 1da1043639aea100c0a80151;
/Marketocracy/bin/fptool invalidateFund 1e040ddd3d00f79ec0a80119;
/Marketocracy/bin/fptool invalidateFund 1e7926423a12a3c2c0a80119;
/Marketocracy/bin/fptool invalidateFund 1e7d2d9b397d853fc0a80118;
/Marketocracy/bin/fptool invalidateFund 1e7f01cb45964fb8c0a80132;
/Marketocracy/bin/fptool invalidateFund 1f1f46593a12a0b4c0a801e1;
/Marketocracy/bin/fptool invalidateFund 202c255041c704cfc0a80133;
/Marketocracy/bin/fptool invalidateFund 20515de139f115c4c0a80118;
/Marketocracy/bin/fptool invalidateFund 21904f2e3a0ed7e0c0a801e0;
/Marketocracy/bin/fptool invalidateFund 22531c763ad77278c0a801e0;
/Marketocracy/bin/fptool invalidateFund 236e5dd039f18be0c0a80118;
/Marketocracy/bin/fptool invalidateFund 24b73fd945d7c71fc0a80135;
/Marketocracy/bin/fptool invalidateFund 253003683f302594c0a80134;
/Marketocracy/bin/fptool invalidateFund 25335edb3a6604aec0a80118;
/Marketocracy/bin/fptool invalidateFund 25a423d03a73b97dc0a80118;
/Marketocracy/bin/fptool invalidateFund 263b12d33a214375c0a80118;
/Marketocracy/bin/fptool invalidateFund 264f03e239ef600cc0a80119;
/Marketocracy/bin/fptool invalidateFund 2759396d3bc21452c0a801e0;
/Marketocracy/bin/fptool invalidateFund 286a5b1c39ca1357c0a801e0;
/Marketocracy/bin/fptool invalidateFund 29e312fd3a198a27c0a80119;
/Marketocracy/bin/fptool invalidateFund 2b6f2b9e3a806ed6c0a80118;
/Marketocracy/bin/fptool invalidateFund 2bf137273cfbac16c0a80119;
/Marketocracy/bin/fptool invalidateFund 2d0d441a39ad8550c0a801e1;
/Marketocracy/bin/fptool invalidateFund 2d1e0ccf3a396018c0a80119;
/Marketocracy/bin/fptool invalidateFund 2d2a2f243a0826b6c0a801e1;
/Marketocracy/bin/fptool invalidateFund 2db25f8e39e51e05c0a80119;
/Marketocracy/bin/fptool invalidateFund 2e483b1b450eefd7c0a80133;
/Marketocracy/bin/fptool invalidateFund 2e8622d23a19375dc0a801e0;
/Marketocracy/bin/fptool invalidateFund 2f250d2e43cebdebc0a80134;
/Marketocracy/bin/fptool invalidateFund 2fc1431d3afb807cc0a80118;
/Marketocracy/bin/fptool invalidateFund 30614c9f3f846550c0a80133;
/Marketocracy/bin/fptool invalidateFund 30c72b4b39aa7042c0a801e1;
/Marketocracy/bin/fptool invalidateFund 30cc101b3d9c6b1ec0a80132;
/Marketocracy/bin/fptool invalidateFund 312d3e1940aa0db1c0a80133;
/Marketocracy/bin/fptool invalidateFund 322e2b553c61581bc0a80119;
/Marketocracy/bin/fptool invalidateFund 32a9722f39f81c86c0a801e1;
/Marketocracy/bin/fptool invalidateFund 32c0511d3a4a27aec0a801e0;
/Marketocracy/bin/fptool invalidateFund 335a04ca4598180ac0a80133;
/Marketocracy/bin/fptool invalidateFund 337e46df3a27f841c0a80118;
/Marketocracy/bin/fptool invalidateFund 33e3025d4460ff87c0a80134;
/Marketocracy/bin/fptool invalidateFund 3477090e39d2baf7c0a80118;
/Marketocracy/bin/fptool invalidateFund 34b2262044886e7dc0a80134;
/Marketocracy/bin/fptool invalidateFund 35aa2caa3a0c3488c0a801e0;
/Marketocracy/bin/fptool invalidateFund 36494b6d4ab6b8afc0a80132;
/Marketocracy/bin/fptool invalidateFund 36ac258a3ad9c104c0a80119;
/Marketocracy/bin/fptool invalidateFund 371b5d2849624eb7c0a80134;
/Marketocracy/bin/fptool invalidateFund 37232a503a197ba1c0a80119;
/Marketocracy/bin/fptool invalidateFund 372d667c3b543589c0a80119;
/Marketocracy/bin/fptool invalidateFund 37551dd543d3bd8ec0a80133;
/Marketocracy/bin/fptool invalidateFund 37b441c849246aeec0a80134;
/Marketocracy/bin/fptool invalidateFund 37bd1df63ff220b7c0a80134;
/Marketocracy/bin/fptool invalidateFund 387d645639db67d8c0a80119;
/Marketocracy/bin/fptool invalidateFund 39a102c54d35f17cc0a80135;
/Marketocracy/bin/fptool invalidateFund 39a55933397dccfdc0a80118;
/Marketocracy/bin/fptool invalidateFund 39ea0bc0398071e0c0a80118;
/Marketocracy/bin/fptool invalidateFund 39f634653a1dc9a4c0a80118;
/Marketocracy/bin/fptool invalidateFund 3b283b3043f793e3c0a80134;
/Marketocracy/bin/fptool invalidateFund 3ba35a183b3ff4b1c0a801e0;
/Marketocracy/bin/fptool invalidateFund 3ce734a639e211e6c0a80118;
/Marketocracy/bin/fptool invalidateFund 3cf85a183b3ff8b6c0a801e0;
/Marketocracy/bin/fptool invalidateFund 3d1b53393989803ac0a80118;
/Marketocracy/bin/fptool invalidateFund 3d9f5a863c0abd3fc0a80118;
/Marketocracy/bin/fptool invalidateFund 3ddc2c5b3b9dfc47c0a80119;
/Marketocracy/bin/fptool invalidateFund 3eec3a2e4d4ffb49c0a80134;
/Marketocracy/bin/fptool invalidateFund 402458d93a5a3201c0a801e0;
/Marketocracy/bin/fptool invalidateFund 402c351f3b4ddd68c0a80119;
/Marketocracy/bin/fptool invalidateFund 406a1cd43b3b790dc0a80118;
/Marketocracy/bin/fptool invalidateFund 416a23eb3ec52e4ac0a80132;
/Marketocracy/bin/fptool invalidateFund 41935a183b3ffdb3c0a801e0;
/Marketocracy/bin/fptool invalidateFund 423e71273a2fa870c0a80119;
/Marketocracy/bin/fptool invalidateFund 424569c73a4228f9c0a801e0;
/Marketocracy/bin/fptool invalidateFund 431105af459d4880c0a80133;
/Marketocracy/bin/fptool invalidateFund 43d5120c392accf9c0a801e0;
/Marketocracy/bin/fptool invalidateFund 44da5d4041d847c3c0a80134;
/Marketocracy/bin/fptool invalidateFund 45b055f539a1ef58c0a801e1;
/Marketocracy/bin/fptool invalidateFund 45f3182944b4fa8ac0a80132;
/Marketocracy/bin/fptool invalidateFund 4838313749b9567fc0a80135;
/Marketocracy/bin/fptool invalidateFund 4b2969224399cec2c0a80132;
/Marketocracy/bin/fptool invalidateFund 4ccd4f3839aaeb3fc0a801e1;
/Marketocracy/bin/fptool invalidateFund 4eda4ac83a2c3d8bc0a801e0;
/Marketocracy/bin/fptool invalidateFund 4f2e5f644208ff02c0a80134;
/Marketocracy/bin/fptool invalidateFund 4ff832693a11dda7c0a801e1;
/Marketocracy/bin/fptool invalidateFund 50b71c55474718ddc0a80133;
/Marketocracy/bin/fptool invalidateFund 50b915153e2ec262c0a80133;
/Marketocracy/bin/fptool invalidateFund 50c935713d252b2cc0a80119;
/Marketocracy/bin/fptool invalidateFund 523b0b9d3a387a03c0a80119;
/Marketocracy/bin/fptool invalidateFund 52c6730b39e3391bc0a80119;
/Marketocracy/bin/fptool invalidateFund 533947b739d78acec0a80119;
/Marketocracy/bin/fptool invalidateFund 53a1476539d10456c0a80119;
/Marketocracy/bin/fptool invalidateFund 546b29833980a3fbc0a80118;
/Marketocracy/bin/fptool invalidateFund 552a0f8c3b81a9b8c0a80118;
/Marketocracy/bin/fptool invalidateFund 56986b463ee1aa33c0a80134;
/Marketocracy/bin/fptool invalidateFund 56c604f43a412206c0a80119;
/Marketocracy/bin/fptool invalidateFund 59203c633b8f9479c0a801e1;
/Marketocracy/bin/fptool invalidateFund 5a9972673f18a2dac0a80134;
/Marketocracy/bin/fptool invalidateFund 5ad220403a47cc63c0a801e1;
/Marketocracy/bin/fptool invalidateFund 5b3030073aa4fcf9c0a80118;
/Marketocracy/bin/fptool invalidateFund 5b533ee64668ff3bc0a80132;
/Marketocracy/bin/fptool invalidateFund 5c044315420ceed9c0a80132;
/Marketocracy/bin/fptool invalidateFund 5c3e5c213a243d35c0a80119;
/Marketocracy/bin/fptool invalidateFund 5d35511d3a4a407dc0a801e0;
/Marketocracy/bin/fptool invalidateFund 5d920b793d6d7f9bc0a80119;
/Marketocracy/bin/fptool invalidateFund 5f294bc83c7e68adc0a801e1;
/Marketocracy/bin/fptool invalidateFund 5f70706f3ee7b5fac0a80133;
/Marketocracy/bin/fptool invalidateFund 60354eef3da1c69fc0a80132;
/Marketocracy/bin/fptool invalidateFund 604625d93b7c9b88c0a80119;
/Marketocracy/bin/fptool invalidateFund 608f52e846ccb2a7c0a80134;
/Marketocracy/bin/fptool invalidateFund 616569ef3a632938c0a801e0;
/Marketocracy/bin/fptool invalidateFund 61c3404e39d9d3e4c0a80119;
/Marketocracy/bin/fptool invalidateFund 621746d739d10ff4c0a80119;
/Marketocracy/bin/fptool invalidateFund 621b46d739d11025c0a80119;
/Marketocracy/bin/fptool invalidateFund 622119fa419c4298c0a80133;
/Marketocracy/bin/fptool invalidateFund 62d5047439fec9b2c0a80118;
/Marketocracy/bin/fptool invalidateFund 635556d442d736b8c0a80133;
/Marketocracy/bin/fptool invalidateFund 648f72673f18a916c0a80134;
/Marketocracy/bin/fptool invalidateFund 64cb38bb4ecc095cc0a80134;
/Marketocracy/bin/fptool invalidateFund 670616f839ae9b08c0a801e1;
/Marketocracy/bin/fptool invalidateFund 67312ad83c064dbdc0a80119;
/Marketocracy/bin/fptool invalidateFund 67e261fe39aded52c0a801e0;
/Marketocracy/bin/fptool invalidateFund 67fb3b9a3992f40cc0a80119;
/Marketocracy/bin/fptool invalidateFund 699b346239e0d07bc0a80118;
/Marketocracy/bin/fptool invalidateFund 6a3c016f42fdfacdc0a80132;
/Marketocracy/bin/fptool invalidateFund 6a59412b43f9f14ac0a80134;
/Marketocracy/bin/fptool invalidateFund 6a7767d4443676aec0a80134;
/Marketocracy/bin/fptool invalidateFund 6b5b237348001d04c0a80134;
/Marketocracy/bin/fptool invalidateFund 6bec215f3ae9bdfcc0a801e0;
/Marketocracy/bin/fptool invalidateFund 6ccc346239e0d288c0a80118;
/Marketocracy/bin/fptool invalidateFund 6d542e173dfe127ec0a80135;
/Marketocracy/bin/fptool invalidateFund 6dc01bbe39ddef5bc0a80119;
/Marketocracy/bin/fptool invalidateFund 6e304176398a3015c0a80118;
/Marketocracy/bin/fptool invalidateFund 6e461a7344bbeab0c0a80133;
/Marketocracy/bin/fptool invalidateFund 6e544a7e45be0395c0a80133;
/Marketocracy/bin/fptool invalidateFund 6ea72aac3c2a169dc0a801e0;
/Marketocracy/bin/fptool invalidateFund 6ee844053a0b54fec0a80119;
/Marketocracy/bin/fptool invalidateFund 7035624039e33312c0a80118;
/Marketocracy/bin/fptool invalidateFund 70411baf43e15088c0a80132;
/Marketocracy/bin/fptool invalidateFund 70cc70783c729fa4c0a801e0;
/Marketocracy/bin/fptool invalidateFund 70d72ae4459c7f34c0a80135;
/Marketocracy/bin/fptool invalidateFund 710d121e399c29a5c0a80119;
/Marketocracy/bin/fptool invalidateFund 71c703723f61bee4c0a80134;
/Marketocracy/bin/fptool invalidateFund 71d11f214582d7bec0a80134;
/Marketocracy/bin/fptool invalidateFund 71fb55bc3eeb838cc0a80132;
/Marketocracy/bin/fptool invalidateFund 720344053a0b5583c0a80119;
/Marketocracy/bin/fptool invalidateFund 721b44053a0b5614c0a80119;
/Marketocracy/bin/fptool invalidateFund 723462b939db247cc0a80118;
/Marketocracy/bin/fptool invalidateFund 723b44053a0b5695c0a80119;
/Marketocracy/bin/fptool invalidateFund 72b544053a0b580dc0a80119;
/Marketocracy/bin/fptool invalidateFund 72eb5fb73a21bc58c0a80119;
/Marketocracy/bin/fptool invalidateFund 735f6c9a39a447edc0a801e0;
/Marketocracy/bin/fptool invalidateFund 73b15f9c3a529196c0a80118;
/Marketocracy/bin/fptool invalidateFund 73cb257f3f4b87b5c0a80133;
/Marketocracy/bin/fptool invalidateFund 756312a039cedcf5c0a80119;
/Marketocracy/bin/fptool invalidateFund 759d0b4b450e1e50c0a80132;
/Marketocracy/bin/fptool invalidateFund 7606430939a0eb12c0a801e0;
/Marketocracy/bin/fptool invalidateFund 762036b53aacf3aac0a80119;
/Marketocracy/bin/fptool invalidateFund 766c02aa45233423c0a80133;
/Marketocracy/bin/fptool invalidateFund 768d20f539be61e8c0a80151;
/Marketocracy/bin/fptool invalidateFund 77c42285399c3996c0a80119;
/Marketocracy/bin/fptool invalidateFund 78e23cd33a289a1ec0a80119;
/Marketocracy/bin/fptool invalidateFund 78e832c43a16b8f7c0a801e1;
/Marketocracy/bin/fptool invalidateFund 78f0182e3975442dc0a801e0;
/Marketocracy/bin/fptool invalidateFund 78f53cd33a289b47c0a80119;
/Marketocracy/bin/fptool invalidateFund 790d3cd33a289c38c0a80119;
/Marketocracy/bin/fptool invalidateFund 7ac6271141eee0abc0a80133;
/Marketocracy/bin/fptool invalidateFund 7b3c736c3a3640fbc0a80118;
/Marketocracy/bin/fptool invalidateFund 7b766b343a29a794c0a801e0;
/Marketocracy/bin/fptool invalidateFund 7c4313a33ba75b0fc0a801e0;
/Marketocracy/bin/fptool invalidateFund 7da86b343a29ad30c0a801e0;
/Marketocracy/bin/fptool invalidateFund 7dbc6b343a29adbcc0a801e0;
/Marketocracy/bin/fptool invalidateFund 7de806df39d680cbc0a80118;
/Marketocracy/bin/fptool invalidateFund 7e673cd33a289ee4c0a80119;
/Marketocracy/bin/fptool invalidateFund 7e953cd33a289f70c0a80119;
/Marketocracy/bin/fptool invalidateFund 7edb4c494578496ac0a80135;
/Marketocracy/bin/fptool invalidateFund 7ee546223eb6c413c0a80134;
/Marketocracy/bin/fptool invalidateFund 7f162bcd39e120dfc0a80118;
/Marketocracy/bin/fptool invalidateFund 7f3f12743b2a1b3bc0a80119;
/Marketocracy/bin/fptool invalidateFund 7fd239143a1565dac0a801e1;
/Marketocracy/bin/fptool invalidateFund 803e22f53f8c2381c0a80133;
/Marketocracy/bin/fptool invalidateFund 81865e233cfce628c0a80118;
/Marketocracy/bin/fptool invalidateFund 82b62f94397302ebc0a801e0;
/Marketocracy/bin/fptool invalidateFund 82fe30f9399ab38fc0a80119;
/Marketocracy/bin/fptool invalidateFund 830b055739e69339c0a80119;
/Marketocracy/bin/fptool invalidateFund 835c69da42c167e5c0a80134;
/Marketocracy/bin/fptool invalidateFund 864871673a1e791cc0a80119;
/Marketocracy/bin/fptool invalidateFund 87600cfb39e47ecfc0a80118;
/Marketocracy/bin/fptool invalidateFund 8959401e494aa8f1c0a80133;
/Marketocracy/bin/fptool invalidateFund 8a1a2b5d3f3fb984c0a80134;
/Marketocracy/bin/fptool invalidateFund 8bc34eb044586533c0a80134;
/Marketocracy/bin/fptool invalidateFund 8c3f4eb044586892c0a80134;
/Marketocracy/bin/fptool invalidateFund 8c96294d4d548bbec0a80135;
/Marketocracy/bin/fptool invalidateFund 8cb94eb044586a14c0a80134;
/Marketocracy/bin/fptool invalidateFund 8d0b3ca9488126e3c0a80132;
/Marketocracy/bin/fptool invalidateFund 8d7240f54561f8b3c0a80135;
/Marketocracy/bin/fptool invalidateFund 8e233fb4399da30dc0a80118;
/Marketocracy/bin/fptool invalidateFund 8e64351639730e4bc0a801e0;
/Marketocracy/bin/fptool invalidateFund 8ed5426b3b27d876c0a801e0;
/Marketocracy/bin/fptool invalidateFund 8f8571673a1e7fe9c0a80119;
/Marketocracy/bin/fptool invalidateFund 8fbb41b64664a355c0a80134;
/Marketocracy/bin/fptool invalidateFund 9018545c3cb37f50c0a801e1;
/Marketocracy/bin/fptool invalidateFund 903244ba41b5f976c0a80133;
/Marketocracy/bin/fptool invalidateFund 907a2d0e3cff7510c0a801e1;
/Marketocracy/bin/fptool invalidateFund 90cc0cb83a57de05c0a80118;
/Marketocracy/bin/fptool invalidateFund 90d009e43b2ec256c0a80118;
/Marketocracy/bin/fptool invalidateFund 916d5e213a141faac0a801e1;
/Marketocracy/bin/fptool invalidateFund 917571673a1e8202c0a80119;
/Marketocracy/bin/fptool invalidateFund 91d1223c3a5155afc0a80119;
/Marketocracy/bin/fptool invalidateFund 955410d6439b8091c0a80134;
/Marketocracy/bin/fptool invalidateFund 96d45ee139e474dac0a80119;
/Marketocracy/bin/fptool invalidateFund 97d31c963bd5b268c0a801e1;
/Marketocracy/bin/fptool invalidateFund 97eb495839f44c25c0a80118;
/Marketocracy/bin/fptool invalidateFund 980d33de3fc4f914c0a80132;
/Marketocracy/bin/fptool invalidateFund 98fc50bf40fd5fcbc0a80133;
/Marketocracy/bin/fptool invalidateFund 9a0110853b4a5727c0a80119;
/Marketocracy/bin/fptool invalidateFund 9ac859d7466ae482c0a80132;
/Marketocracy/bin/fptool invalidateFund 9ae76cdb398718dfc0a80119;
/Marketocracy/bin/fptool invalidateFund 9c1952ce3a105713c0a80118;
/Marketocracy/bin/fptool invalidateFund 9c6f4ab53a1eb06fc0a801e1;
/Marketocracy/bin/fptool invalidateFund 9d3759be3a9a88c8c0a801e0;
/Marketocracy/bin/fptool invalidateFund 9dad48693a0b35b7c0a80119;
/Marketocracy/bin/fptool invalidateFund 9eaa60313b5e0a1cc0a80118;
/Marketocracy/bin/fptool invalidateFund 9eeb49be3f2d38c7c0a80133;
/Marketocracy/bin/fptool invalidateFund a00e039143eae196c0a80133;
/Marketocracy/bin/fptool invalidateFund a1592396456c66fdc0a80135;
/Marketocracy/bin/fptool invalidateFund a1d7369c399c035ec0a80118;
/Marketocracy/bin/fptool invalidateFund a3ad4d783adb5d51c0a801e0;
/Marketocracy/bin/fptool invalidateFund a46652b848ef76d1c0a80133;
/Marketocracy/bin/fptool invalidateFund a495093749039861c0a80133;
/Marketocracy/bin/fptool invalidateFund a4c7023f39c29417c0a801e0;
/Marketocracy/bin/fptool invalidateFund a5b7198848ecf687c0a80132;
/Marketocracy/bin/fptool invalidateFund a617239a4182b9d8c0a80133;
/Marketocracy/bin/fptool invalidateFund a6af2d593fd6ff22c0a80133;
/Marketocracy/bin/fptool invalidateFund a6bf17fb39b944fbc0a80151;
/Marketocracy/bin/fptool invalidateFund a71325bb3b5ef0ecc0a801e1;
/Marketocracy/bin/fptool invalidateFund a95e1b9e42695784c0a80133;
/Marketocracy/bin/fptool invalidateFund a99128f53a01ed91c0a801e1;
/Marketocracy/bin/fptool invalidateFund a9f414763d09feb7c0a801e1;
/Marketocracy/bin/fptool invalidateFund aa2c30da3a2e7ff1c0a801e1;
/Marketocracy/bin/fptool invalidateFund aa351f573c449245c0a80118;
/Marketocracy/bin/fptool invalidateFund aa711efc3a636b00c0a80118;
/Marketocracy/bin/fptool invalidateFund aa813c2039789918c0a801e1;
/Marketocracy/bin/fptool invalidateFund aa8b200e3a1bd05ec0a801e0;
/Marketocracy/bin/fptool invalidateFund ab182542400effa3c0a80134;
/Marketocracy/bin/fptool invalidateFund ab461d8439e1f8c5c0a80119;
/Marketocracy/bin/fptool invalidateFund ab600b6239b938bdc0a801e1;
/Marketocracy/bin/fptool invalidateFund abf92f7741c02e0fc0a80133;
/Marketocracy/bin/fptool invalidateFund ac1811e540bb5a28c0a80134;
/Marketocracy/bin/fptool invalidateFund ac60227a42014d7dc0a80133;
/Marketocracy/bin/fptool invalidateFund ace160e139c91167c0a801e0;
/Marketocracy/bin/fptool invalidateFund ad8564303bf93556c0a80118;
/Marketocracy/bin/fptool invalidateFund ade64b193978bbb1c0a801e0;
/Marketocracy/bin/fptool invalidateFund adea73a540e30b96c0a80133;
/Marketocracy/bin/fptool invalidateFund ae08429a4334793ac0a80133;
/Marketocracy/bin/fptool invalidateFund ae2c43673a082f5bc0a801e1;
/Marketocracy/bin/fptool invalidateFund ae335386397ce813c0a80119;
/Marketocracy/bin/fptool invalidateFund ae9561ee3a316659c0a80119;
/Marketocracy/bin/fptool invalidateFund ae9d3b8c3990b739c0a80118;
/Marketocracy/bin/fptool invalidateFund b0f3461f39a925e7c0a801e0;
/Marketocracy/bin/fptool invalidateFund b104730b39e387dac0a80119;
/Marketocracy/bin/fptool invalidateFund b1186e2c3a8a0a25c0a80118;
/Marketocracy/bin/fptool invalidateFund b11b6e2c3a8a0a2dc0a80118;
/Marketocracy/bin/fptool invalidateFund b15b60e139c911d7c0a801e0;
/Marketocracy/bin/fptool invalidateFund b17c45733996c71cc0a801e0;
/Marketocracy/bin/fptool invalidateFund b2b0324c39a5320fc0a801e0;
/Marketocracy/bin/fptool invalidateFund b3cd05933a1f6646c0a801e0;
/Marketocracy/bin/fptool invalidateFund b4471ec439a08e08c0a801e1;
/Marketocracy/bin/fptool invalidateFund b52553003e76ebe5c0a80135;
/Marketocracy/bin/fptool invalidateFund b55c343443f6b02dc0a80134;
/Marketocracy/bin/fptool invalidateFund b739478d49186c8cc0a80132;
/Marketocracy/bin/fptool invalidateFund b753697f3a406da0c0a80118;
/Marketocracy/bin/fptool invalidateFund b87c48cf3b718e21c0a80118;
/Marketocracy/bin/fptool invalidateFund b8cd43964a4a3246c0a80135;
/Marketocracy/bin/fptool invalidateFund bb3e48a94430bb94c0a80134;
/Marketocracy/bin/fptool invalidateFund bc2f39833d4ed18ec0a801e2;
/Marketocracy/bin/fptool invalidateFund be38691342cc2d08c0a80134;
/Marketocracy/bin/fptool invalidateFund bf1f70ca39db79cac0a80119;
/Marketocracy/bin/fptool invalidateFund bf8932464816642cc0a80134;
/Marketocracy/bin/fptool invalidateFund bfd1261c43fe7491c0a80132;
/Marketocracy/bin/fptool invalidateFund bfe422f243da4b30c0a80133;
/Marketocracy/bin/fptool invalidateFund c0244967399ffebac0a801e0;
/Marketocracy/bin/fptool invalidateFund c2553e9d3cbecee5c0a80118;
/Marketocracy/bin/fptool invalidateFund c2b924864b507cefc0a80135;
/Marketocracy/bin/fptool invalidateFund c3474eef3a12ed47c0a801e0;
/Marketocracy/bin/fptool invalidateFund c3913649415765eac0a80132;
/Marketocracy/bin/fptool invalidateFund c3f90e973d3df3cec0a801e2;
/Marketocracy/bin/fptool invalidateFund c40c51b34042c20fc0a80133;
/Marketocracy/bin/fptool invalidateFund c47808ec39a07163c0a801e0;
/Marketocracy/bin/fptool invalidateFund c519257139f97938c0a801e1;
/Marketocracy/bin/fptool invalidateFund c58539053c76717cc0a801e0;
/Marketocracy/bin/fptool invalidateFund c5ba45d339ac0e4fc0a80151;
/Marketocracy/bin/fptool invalidateFund c6df64d6407316f4ffffffff;
/Marketocracy/bin/fptool invalidateFund c81e25913e2caffdc0a80135;
/Marketocracy/bin/fptool invalidateFund c9185ada39f32424c0a80119;
/Marketocracy/bin/fptool invalidateFund c9930d2b46bc9984c0a80134;
/Marketocracy/bin/fptool invalidateFund ce004fc83a40b35ec0a80118;
/Marketocracy/bin/fptool invalidateFund ced322bd3a2577c5c0a801e1;
/Marketocracy/bin/fptool invalidateFund ced82e183ceb58d7c0a801e0;
/Marketocracy/bin/fptool invalidateFund cf554aad39c34abfc0a801e1;
/Marketocracy/bin/fptool invalidateFund cf96065739affdd9c0a80151;
/Marketocracy/bin/fptool invalidateFund d125030f3fe0f5ccc0a80132;
/Marketocracy/bin/fptool invalidateFund d135210139e2bc62c0a80118;
/Marketocracy/bin/fptool invalidateFund d138210139e2bc7dc0a80118;
/Marketocracy/bin/fptool invalidateFund d29b059f39dca778c0a80118;
/Marketocracy/bin/fptool invalidateFund d3915e1d3d6a7ca2c0a801e2;
/Marketocracy/bin/fptool invalidateFund d3a15f8e39e5169fc0a80119;
/Marketocracy/bin/fptool invalidateFund d4a9452247dd36a5c0a80132;
/Marketocracy/bin/fptool invalidateFund d4ec605b409b9493c0a80133;
/Marketocracy/bin/fptool invalidateFund d5120e383a386d9cc0a80119;
/Marketocracy/bin/fptool invalidateFund d5c56d6b43f4dce3c0a80132;
/Marketocracy/bin/fptool invalidateFund d69c6a203a68fca2c0a80118;
/Marketocracy/bin/fptool invalidateFund d69f6a203a68fcd8c0a80118;
/Marketocracy/bin/fptool invalidateFund d6a26a203a68fcfac0a80118;
/Marketocracy/bin/fptool invalidateFund d75d2628398ba9b4c0a80119;
/Marketocracy/bin/fptool invalidateFund d7a764f44cc9d368c0a80135;
/Marketocracy/bin/fptool invalidateFund d801343a3a9c390fc0a80118;
/Marketocracy/bin/fptool invalidateFund d85650d139b6b61dc0a801e0;
/Marketocracy/bin/fptool invalidateFund da06233f39e59ec1c0a80118;
/Marketocracy/bin/fptool invalidateFund da311e6b3f4b8405c0a80133;
/Marketocracy/bin/fptool invalidateFund daf41d5a39e268dac0a80119;
/Marketocracy/bin/fptool invalidateFund dc0916f839aeb6bfc0a801e1;
/Marketocracy/bin/fptool invalidateFund dd09431c4901fa5dc0a80134;
/Marketocracy/bin/fptool invalidateFund df5b55e73e6bae37c0a80133;
/Marketocracy/bin/fptool invalidateFund dfa932a3415ad272c0a80134;
/Marketocracy/bin/fptool invalidateFund dfda19eb3b265998c0a80119;
/Marketocracy/bin/fptool invalidateFund e0a40220399c1473c0a80119;
/Marketocracy/bin/fptool invalidateFund e10301c23f8519b9c0a80134;
/Marketocracy/bin/fptool invalidateFund e302624039e359bcc0a80118;
/Marketocracy/bin/fptool invalidateFund e33d498e39ef0146c0a801e1;
/Marketocracy/bin/fptool invalidateFund e3a3037d3e3aca3dc0a80133;
/Marketocracy/bin/fptool invalidateFund e672029e4e8086f0c0a80134;
/Marketocracy/bin/fptool invalidateFund e6c70a5939972168c0a80151;
/Marketocracy/bin/fptool invalidateFund e702515239b0abf2c0a801e1;
/Marketocracy/bin/fptool invalidateFund e70c12c439c8ba5ac0a801e1;
/Marketocracy/bin/fptool invalidateFund e7436e2742d58628c0a80133;
/Marketocracy/bin/fptool invalidateFund e774749d3c632e00c0a801e0;
/Marketocracy/bin/fptool invalidateFund e776749d3c632e20c0a801e0;
/Marketocracy/bin/fptool invalidateFund e79e50114bca9666c0a80133;
/Marketocracy/bin/fptool invalidateFund e8414b6b39de4477c0a80118;
/Marketocracy/bin/fptool invalidateFund e89310e6424c17ccc0a80134;
/Marketocracy/bin/fptool invalidateFund e8d821b1440c35dbc0a80132;
/Marketocracy/bin/fptool invalidateFund e9b0567639bebc8dc0a801e0;
/Marketocracy/bin/fptool invalidateFund e9f060df3f4bc321c0a80132;
/Marketocracy/bin/fptool invalidateFund e9f9619e39d8b467c0a80118;
/Marketocracy/bin/fptool invalidateFund ea622c5e398dc6cbc0a80118;
/Marketocracy/bin/fptool invalidateFund eac40a593997289ec0a80151;
/Marketocracy/bin/fptool invalidateFund ebff629239a3e895c0a801e0;
/Marketocracy/bin/fptool invalidateFund ed2c49b73c42555cc0a801e0;
/Marketocracy/bin/fptool invalidateFund f0355c74490c7d38c0a80134;
/Marketocracy/bin/fptool invalidateFund f0a4645639db5772c0a80119;
/Marketocracy/bin/fptool invalidateFund f0c2136e39822a20c0a80118;
/Marketocracy/bin/fptool invalidateFund f1ec247f43f52502c0a80134;
/Marketocracy/bin/fptool invalidateFund f30754b943fa3afdc0a80132;
/Marketocracy/bin/fptool invalidateFund f4bf4b433b603a79c0a80118;
/Marketocracy/bin/fptool invalidateFund f4e10cdd3c48473bc0a80119;
/Marketocracy/bin/fptool invalidateFund f6ca1a733ebbb828c0a80132;
/Marketocracy/bin/fptool invalidateFund f7de64fd4d162abac0a80134;
/Marketocracy/bin/fptool invalidateFund f7ea37264406f401c0a80133;
/Marketocracy/bin/fptool invalidateFund f7fe28b939806f60c0a80119;
/Marketocracy/bin/fptool invalidateFund f8144b133d907ac4c0a80133;
/Marketocracy/bin/fptool invalidateFund f87e287039db49fbc0a80118;
/Marketocracy/bin/fptool invalidateFund f93057ee440f4e3fc0a80133;
/Marketocracy/bin/fptool invalidateFund f9fc38003a4d0800c0a80118;
/Marketocracy/bin/fptool invalidateFund fa061cc03d00c9d6c0a80118;
/Marketocracy/bin/fptool invalidateFund fa483385399d5ffec0a80119;
/Marketocracy/bin/fptool invalidateFund fc4d3c6b3a9efc03c0a801e0;
/Marketocracy/bin/fptool invalidateFund fca55ff739ca346dc0a801e1;
/Marketocracy/bin/fptool invalidateFund fce7730b39e3aaf7c0a80119;
/Marketocracy/bin/fptool invalidateFund fd406592440ff62fc0a80134;
/Marketocracy/bin/fptool invalidateFund fddb4654466c9b9dc0a80133;
/Marketocracy/bin/fptool invalidateFund fdea54b93e4020dbc0a80132;
/Marketocracy/bin/fptool invalidateFund fdf729f046d6fb70c0a80133;
/Marketocracy/bin/fptool invalidateFund fe096ebe3df4b7cdc0a80134;
/Marketocracy/bin/fptool invalidateFund fe0c20d142d7e71fc0a80132;
/Marketocracy/bin/fptool invalidateFund fe6d38003a4d13b2c0a80118;
/Marketocracy/bin/fptool invalidateFund feba02f23985b466c0a801e0;
/Marketocracy/bin/fptool invalidateFund ff204f483b3aa6ccc0a80118;
/Marketocracy/bin/fptool invalidateFund ffbf4a5439b5433dc0a801e1;
/Marketocracy/bin/fptool invalidateFund ffdf00fd3a06df69c0a801e0;