/Marketocracy/bin/fptool invalidateFund 007e421d42e113dfc0a80134;
/Marketocracy/bin/fptool invalidateFund 00b523143a243badc0a801e1;
/Marketocracy/bin/fptool invalidateFund 010317d244bbb536c0a80133;
/Marketocracy/bin/fptool invalidateFund 01bd5fd94288386ec0a80134;
/Marketocracy/bin/fptool invalidateFund 0253606848885ccbc0a80134;
/Marketocracy/bin/fptool invalidateFund 02896f513c0a88a1c0a80119;
/Marketocracy/bin/fptool invalidateFund 02d7724e3bfd8ca9c0a801e0;
/Marketocracy/bin/fptool invalidateFund 02ff47bf47a31235c0a80134;
/Marketocracy/bin/fptool invalidateFund 0349741b4bb4f2a2c0a80134;
/Marketocracy/bin/fptool invalidateFund 0439364643482c23c0a80132;
/Marketocracy/bin/fptool invalidateFund 07496cc83e70fa88c0a80133;
/Marketocracy/bin/fptool invalidateFund 082d65564a11fe59c0a80133;
/Marketocracy/bin/fptool invalidateFund 09423b915114151ec0a80134;
/Marketocracy/bin/fptool invalidateFund 09c4103941e444f5c0a80132;
/Marketocracy/bin/fptool invalidateFund 0ab02ebd3e59015ac0a80134;
/Marketocracy/bin/fptool invalidateFund 0b381b83487523efc0a80132;
/Marketocracy/bin/fptool invalidateFund 0b9540ef3e4150ccc0a80132;
/Marketocracy/bin/fptool invalidateFund 0c9805c74336a622c0a80133;
/Marketocracy/bin/fptool invalidateFund 0ecc62004f217fb7c0a80134;
/Marketocracy/bin/fptool invalidateFund 13b62f0c417ad182c0a80134;
/Marketocracy/bin/fptool invalidateFund 15f53da53c93a650c0a801e1;
/Marketocracy/bin/fptool invalidateFund 164f024242cd5e2ec0a80134;
/Marketocracy/bin/fptool invalidateFund 174a038e3dfd5409c0a80132;
/Marketocracy/bin/fptool invalidateFund 175125a03f3a904bc0a80133;
/Marketocracy/bin/fptool invalidateFund 178e11a2415dbd2cc0a80132;
/Marketocracy/bin/fptool invalidateFund 193f69f444c822d5c0a80133;
/Marketocracy/bin/fptool invalidateFund 1aa639fb3d0bbcfdc0a80118;
/Marketocracy/bin/fptool invalidateFund 1b3d481f47027c24c0a80135;
/Marketocracy/bin/fptool invalidateFund 1b4c5ce1461d6845c0a80133;
/Marketocracy/bin/fptool invalidateFund 1c8942685431e2dcc0a86f98;
/Marketocracy/bin/fptool invalidateFund 1dc348513c98cfc5c0a80118;
/Marketocracy/bin/fptool invalidateFund 1e85397c55f2f272c0a86fa6;
/Marketocracy/bin/fptool invalidateFund 1ee403583e2f8034c0a80132;
/Marketocracy/bin/fptool invalidateFund 215c1fc6466dab43c0a80135;
/Marketocracy/bin/fptool invalidateFund 24c04e844dcfcd3ac0a80133;
/Marketocracy/bin/fptool invalidateFund 25d906c845ccc382c0a80132;
/Marketocracy/bin/fptool invalidateFund 2711215955a71e00c0a86fa6;
/Marketocracy/bin/fptool invalidateFund 286c31de4f60f478c0a80132;
/Marketocracy/bin/fptool invalidateFund 296a054b4ae8f2d5c0a80132;
/Marketocracy/bin/fptool invalidateFund 298d73b04a2e1e9ac0a80134;
/Marketocracy/bin/fptool invalidateFund 2b9d0224437052c1c0a80134;
/Marketocracy/bin/fptool invalidateFund 2bf302914476fa1cc0a80132;
/Marketocracy/bin/fptool invalidateFund 2e7e2a91426c1d47c0a80134;
/Marketocracy/bin/fptool invalidateFund 2e866c734a25563cc0a80133;
/Marketocracy/bin/fptool invalidateFund 2e96166950e1e4a2c0a80134;
/Marketocracy/bin/fptool invalidateFund 2f3f5e2040e1fb45c0a80133;
/Marketocracy/bin/fptool invalidateFund 2f841f933df22652c0a80134;
/Marketocracy/bin/fptool invalidateFund 301e6e6041e1acbec0a80134;
/Marketocracy/bin/fptool invalidateFund 30a201604d731499c0a80133;
/Marketocracy/bin/fptool invalidateFund 30ca1a98456a5de1c0a80132;
/Marketocracy/bin/fptool invalidateFund 31f303e6465de869c0a80135;
/Marketocracy/bin/fptool invalidateFund 3278678141de04c8c0a80132;
/Marketocracy/bin/fptool invalidateFund 32f608a9552b00acc0a86fa6;
/Marketocracy/bin/fptool invalidateFund 33940fa041e7bdbec0a80133;
/Marketocracy/bin/fptool invalidateFund 344b07d9435d1f6fc0a80133;
/Marketocracy/bin/fptool invalidateFund 355d602647a2a174daa5d03f;
/Marketocracy/bin/fptool invalidateFund 3578598b4024e0f7c0a80133;
/Marketocracy/bin/fptool invalidateFund 3680389c486a99b3c0a80133;
/Marketocracy/bin/fptool invalidateFund 379402a2452bba3dc0a80134;
/Marketocracy/bin/fptool invalidateFund 37e456f04b1fbb4fc0a80134;
/Marketocracy/bin/fptool invalidateFund 37e63e5d46dee7a4c0a80134;
/Marketocracy/bin/fptool invalidateFund 38065ad23ca1e33fc0a80118;
/Marketocracy/bin/fptool invalidateFund 383f03653f747274c0a80133;
/Marketocracy/bin/fptool invalidateFund 38b9658c3e2a1d8ac0a80132;
/Marketocracy/bin/fptool invalidateFund 39752062465ecc7fc0a80133;
/Marketocracy/bin/fptool invalidateFund 3a0b02ee3f746f60c0a80134;
/Marketocracy/bin/fptool invalidateFund 3adc546f54a8c5cfc0a86f98;
/Marketocracy/bin/fptool invalidateFund 3ce342e9419cdc9ec0a80133;
/Marketocracy/bin/fptool invalidateFund 3d72364443f1f1b9c0a80134;
/Marketocracy/bin/fptool invalidateFund 3e5f260a3f7c5c68c0a80133;
/Marketocracy/bin/fptool invalidateFund 3ebc127342131bb6c0a80132;
/Marketocracy/bin/fptool invalidateFund 3fec0f4a43fe4d3fc0a80132;
/Marketocracy/bin/fptool invalidateFund 41b938f7483041eec0a80132;
/Marketocracy/bin/fptool invalidateFund 446a04f54734d871c0a80132;
/Marketocracy/bin/fptool invalidateFund 44bd332d408196a8ffffffff;
/Marketocracy/bin/fptool invalidateFund 45fd46ea7b415c4913b33f0d;
/Marketocracy/bin/fptool invalidateFund 473607d9435d2129c0a80133;
/Marketocracy/bin/fptool invalidateFund 483958184179b518c0a80132;
/Marketocracy/bin/fptool invalidateFund 4a28033d41e2de11c0a80133;
/Marketocracy/bin/fptool invalidateFund 4b5103524057410ec0a80132;
/Marketocracy/bin/fptool invalidateFund 4c813f70457929dbc0a80132;
/Marketocracy/bin/fptool invalidateFund 4c8b1ad34d7147fbc0a80135;
/Marketocracy/bin/fptool invalidateFund 4dd22204426c0964c0a80134;
/Marketocracy/bin/fptool invalidateFund 4eba176f3ae5844ec0a80119;
/Marketocracy/bin/fptool invalidateFund 4f2509f33e29c9b2c0a80132;
/Marketocracy/bin/fptool invalidateFund 4fd52f6e3c1fbb01c0a801e0;
/Marketocracy/bin/fptool invalidateFund 50196e7941afb4b5c0a80133;
/Marketocracy/bin/fptool invalidateFund 5074687b41ee9654c0a80133;
/Marketocracy/bin/fptool invalidateFund 52130351445ccfa1c0a80133;
/Marketocracy/bin/fptool invalidateFund 528b27d34021ac82c0a80132;
/Marketocracy/bin/fptool invalidateFund 5504301240217458c0a80132;
/Marketocracy/bin/fptool invalidateFund 5598030246b10b53c0a80134;
/Marketocracy/bin/fptool invalidateFund 55bc1d83442ea60dc0a80132;
/Marketocracy/bin/fptool invalidateFund 589b2e2f3af1cdfec0a801e0;
/Marketocracy/bin/fptool invalidateFund 593c6ee039a066dec0a801e1;
/Marketocracy/bin/fptool invalidateFund 598a585250e8fa33c0a80134;
/Marketocracy/bin/fptool invalidateFund 59bf18b54120207dc0a8013c;
/Marketocracy/bin/fptool invalidateFund 5e01493346653becc0a80135;
/Marketocracy/bin/fptool invalidateFund 5e3803954398e781c0a80133;
/Marketocracy/bin/fptool invalidateFund 5ef305cf40b21ac5c0a80132;
/Marketocracy/bin/fptool invalidateFund 5fb4553d459289abc0a80133;
/Marketocracy/bin/fptool invalidateFund 5fdb5e7755f0923dc0a86fa6;
/Marketocracy/bin/fptool invalidateFund 623f137843e8c661c0a80132;
/Marketocracy/bin/fptool invalidateFund 628720e952a27d93c0a86f85;
/Marketocracy/bin/fptool invalidateFund 62b4029c4664897ac0a80132;
/Marketocracy/bin/fptool invalidateFund 63ce1bd743a98042c0a80134;
/Marketocracy/bin/fptool invalidateFund 63f37509397c82e8c0a80119;
/Marketocracy/bin/fptool invalidateFund 647b74bc4151e3c0c0a80133;
/Marketocracy/bin/fptool invalidateFund 64db3de9418a9f61c0a8013c;
/Marketocracy/bin/fptool invalidateFund 66a0580e43409a9bc0a80133;
/Marketocracy/bin/fptool invalidateFund 670e052848a42416c0a80135;
/Marketocracy/bin/fptool invalidateFund 670f04ee4021c927c0a80133;
/Marketocracy/bin/fptool invalidateFund 679a5fda4ebae6adc0a80133;
/Marketocracy/bin/fptool invalidateFund 67f8384046b00b42c0a80135;
/Marketocracy/bin/fptool invalidateFund 699a10fe496fb3b0c0a80135;
/Marketocracy/bin/fptool invalidateFund 69ac21184148973bc0a8013c;
/Marketocracy/bin/fptool invalidateFund 6a146a9547ee9e84c0a80132;
/Marketocracy/bin/fptool invalidateFund 6b61450c46dfa6cfc0a80133;
/Marketocracy/bin/fptool invalidateFund 6dc92a3e439ef524c0a80134;
/Marketocracy/bin/fptool invalidateFund 6f6c5f24427cf666c0a80132;
/Marketocracy/bin/fptool invalidateFund 71d11f214582d7bec0a80134;
/Marketocracy/bin/fptool invalidateFund 720b1f5e402854c2c0a80132;
/Marketocracy/bin/fptool invalidateFund 720f6fcc47178254c0a80133;
/Marketocracy/bin/fptool invalidateFund 72af00f143fd5bcdc0a80134;
/Marketocracy/bin/fptool invalidateFund 73051b1a3e38a15ac0a80133;
/Marketocracy/bin/fptool invalidateFund 7336235243bdf2edc0a80132;
/Marketocracy/bin/fptool invalidateFund 73c62ff345db30e3c0a80135;
/Marketocracy/bin/fptool invalidateFund 7409731947e010b6c0a80134;
/Marketocracy/bin/fptool invalidateFund 755901b840035028c0a80134;
/Marketocracy/bin/fptool invalidateFund 757c0482423fa8a8c0a80133;
/Marketocracy/bin/fptool invalidateFund 7628321b5550b027c0a86fa6;
/Marketocracy/bin/fptool invalidateFund 766922d948797eb6c0a80135;
/Marketocracy/bin/fptool invalidateFund 76763a65490f6b96c0a80135;
/Marketocracy/bin/fptool invalidateFund 77233fd544738011c0a80132;
/Marketocracy/bin/fptool invalidateFund 78ac65683e5ba340c0a80133;
/Marketocracy/bin/fptool invalidateFund 7a912cd545dd97ddc0a80135;
/Marketocracy/bin/fptool invalidateFund 7b9d5427426944c1c0a80132;
/Marketocracy/bin/fptool invalidateFund 7d1e400244c441e3c0a80132;
/Marketocracy/bin/fptool invalidateFund 7e65374d497f3a86c0a80132;
/Marketocracy/bin/fptool invalidateFund 7f3146c2405e54a9ffffffff;
/Marketocracy/bin/fptool invalidateFund 7f70221c43cc061bc0a80132;
/Marketocracy/bin/fptool invalidateFund 7fac70cd4260358dc0a80133;
/Marketocracy/bin/fptool invalidateFund 7fb13c5b4e4e39dac0a80132;
/Marketocracy/bin/fptool invalidateFund 80c729ca4ffb2399c0a80135;
/Marketocracy/bin/fptool invalidateFund 8122652a50770d21c0a80135;
/Marketocracy/bin/fptool invalidateFund 812c5fcd41e5b14cc0a80132;
/Marketocracy/bin/fptool invalidateFund 81b71acf41a667e2c0a80132;
/Marketocracy/bin/fptool invalidateFund 821c25873e2c79bec0a80135;
/Marketocracy/bin/fptool invalidateFund 821e6e7043997506c0a80133;
/Marketocracy/bin/fptool invalidateFund 828d214a41c8804cc0a80133;
/Marketocracy/bin/fptool invalidateFund 829e26a44863e44dc0a80135;
/Marketocracy/bin/fptool invalidateFund 83d16a8644bc6121c0a80132;
/Marketocracy/bin/fptool invalidateFund 846a48ec42c21d17c0a80133;
/Marketocracy/bin/fptool invalidateFund 859608fd3e5532e1c0a80134;
/Marketocracy/bin/fptool invalidateFund 85ce04f83cf1a1adc0a80119;
/Marketocracy/bin/fptool invalidateFund 87ff044746b092d3c0a80134;
/Marketocracy/bin/fptool invalidateFund 890e20d93fef4f1cc0a80133;
/Marketocracy/bin/fptool invalidateFund 8c96294d4d548bbec0a80135;
/Marketocracy/bin/fptool invalidateFund 8d0c492a4e4ee548c0a80135;
/Marketocracy/bin/fptool invalidateFund 8dda45fe42a5d3bfc0a80133;
/Marketocracy/bin/fptool invalidateFund 8e60291454e14d57c0a86f98;
/Marketocracy/bin/fptool invalidateFund 8ead4aac3b6cc6c8c0a80119;
/Marketocracy/bin/fptool invalidateFund 8ec6371d418a9ab7c0a8013c;
/Marketocracy/bin/fptool invalidateFund 8ec9371d418a9ad0c0a8013c;
/Marketocracy/bin/fptool invalidateFund 8f2b2ecd4e1f9942c0a80133;
/Marketocracy/bin/fptool invalidateFund 8fbc371d418a9c1fc0a8013c;
/Marketocracy/bin/fptool invalidateFund 9047371d418a9ccec0a8013c;
/Marketocracy/bin/fptool invalidateFund 9125623f3e2e2f29c0a80134;
/Marketocracy/bin/fptool invalidateFund 91390133440dce9fc0a80132;
/Marketocracy/bin/fptool invalidateFund 92c00f0f3fc55414c0a80132;
/Marketocracy/bin/fptool invalidateFund 930c0ed745301ce6c0a80134;
/Marketocracy/bin/fptool invalidateFund 933544f93fc68881c0a80132;
/Marketocracy/bin/fptool invalidateFund 93482c174ef20bd2c0a80132;
/Marketocracy/bin/fptool invalidateFund 93d2362e41d8cfc0c0a80132;
/Marketocracy/bin/fptool invalidateFund 9434359a481cd125c0a80134;
/Marketocracy/bin/fptool invalidateFund 94cd68e25491f32cc0a86f98;
/Marketocracy/bin/fptool invalidateFund 94eb2e144e1e0be0c0a80134;
/Marketocracy/bin/fptool invalidateFund 95103e4744b8533cc0a80134;
/Marketocracy/bin/fptool invalidateFund 97064649418bb576c0a80133;
/Marketocracy/bin/fptool invalidateFund 98f90e254536e7bdc0a80132;
/Marketocracy/bin/fptool invalidateFund 992a57ee556df73dc0a86fa6;
/Marketocracy/bin/fptool invalidateFund 99c26c254576e8c7c0a80135;
/Marketocracy/bin/fptool invalidateFund 9ac5474240bd0ee2c0a80134;
/Marketocracy/bin/fptool invalidateFund 9adb6d5e4553792ec0a80132;
/Marketocracy/bin/fptool invalidateFund 9c062f103e6ce6cbc0a80133;
/Marketocracy/bin/fptool invalidateFund 9de156ac44a695bcc0a80134;
/Marketocracy/bin/fptool invalidateFund 9e4365f748e344aac0a80132;
/Marketocracy/bin/fptool invalidateFund a0811ec0444f1a05c0a80133;
/Marketocracy/bin/fptool invalidateFund a0865c0148887e4ac0a80135;
/Marketocracy/bin/fptool invalidateFund a0e401334675fd26c0a80132;
/Marketocracy/bin/fptool invalidateFund a10221233f127f4ec0a80132;
/Marketocracy/bin/fptool invalidateFund a1291fee459198eec0a80132;
/Marketocracy/bin/fptool invalidateFund a1485c8449592b06c0a80133;
/Marketocracy/bin/fptool invalidateFund a2b95d3648f4aff4c0a80134;
/Marketocracy/bin/fptool invalidateFund a5da02e34e36bb04c0a80134;
/Marketocracy/bin/fptool invalidateFund a5e147144fef511bc0a80132;
/Marketocracy/bin/fptool invalidateFund a66b5b5f4280221cc0a80132;
/Marketocracy/bin/fptool invalidateFund a6db14cb42c8ddaac0a80133;
/Marketocracy/bin/fptool invalidateFund a95802b84da2ee20c0a80135;
/Marketocracy/bin/fptool invalidateFund aa7d0d50465cfb63c0a80134;
/Marketocracy/bin/fptool invalidateFund aa7d737747e03ca2c0a80133;
/Marketocracy/bin/fptool invalidateFund ab1b63824f459fd5c0a80132;
/Marketocracy/bin/fptool invalidateFund ac375db0430a3a76c0a80132;
/Marketocracy/bin/fptool invalidateFund acc166c240aaad35c0a80132;
/Marketocracy/bin/fptool invalidateFund af064f5e3ebe972ec0a80133;
/Marketocracy/bin/fptool invalidateFund af5f68ed3bca24eec0a80119;
/Marketocracy/bin/fptool invalidateFund b67072e04b1c5e7ec0a80134;
/Marketocracy/bin/fptool invalidateFund b6bf742945c4fa95c0a80133;
/Marketocracy/bin/fptool invalidateFund b76f03c7452bba15c0a80134;
/Marketocracy/bin/fptool invalidateFund b78c73904bf512e5c0a80134;
/Marketocracy/bin/fptool invalidateFund b8e21d91438e67c7c0a80133;
/Marketocracy/bin/fptool invalidateFund b9a71f4e504106ddc0a80134;
/Marketocracy/bin/fptool invalidateFund ba8f30df3ca7d1d9c0a80119;
/Marketocracy/bin/fptool invalidateFund bb6a580643bc1c6ec0a80132;
/Marketocracy/bin/fptool invalidateFund bb9b2023444d985fc0a80133;
/Marketocracy/bin/fptool invalidateFund bbbe00f644b07e60c0a80133;
/Marketocracy/bin/fptool invalidateFund bd4d58b6494d440dc0a80133;
/Marketocracy/bin/fptool invalidateFund bdd60153487122d9c0a80135;
/Marketocracy/bin/fptool invalidateFund bde2485948ac3f1ac0a80134;
/Marketocracy/bin/fptool invalidateFund bf1702cb46bff3e7c0a80134;
/Marketocracy/bin/fptool invalidateFund bf81549e41f4742cc0a80132;
/Marketocracy/bin/fptool invalidateFund bfb45b6e4e7f57a3c0a80132;
/Marketocracy/bin/fptool invalidateFund c040181f4f673c84c0a80132;
/Marketocracy/bin/fptool invalidateFund c1aa2f0444c7d9bdc0a80133;
/Marketocracy/bin/fptool invalidateFund c228479b40edc0b9c0a80133;
/Marketocracy/bin/fptool invalidateFund c3132b3144f08eecc0a80134;
/Marketocracy/bin/fptool invalidateFund c4c2021948ea52c8c0a80134;
/Marketocracy/bin/fptool invalidateFund c67003d3452bba11c0a80134;
/Marketocracy/bin/fptool invalidateFund c6de172643f5081dc0a80133;
/Marketocracy/bin/fptool invalidateFund c6ea09d9424bb43bc0a80133;
/Marketocracy/bin/fptool invalidateFund c7b8035d3f010811c0a80133;
/Marketocracy/bin/fptool invalidateFund c89b28494d5f090fc0a80134;
/Marketocracy/bin/fptool invalidateFund c89c72ef48fa5bebc0a80135;
/Marketocracy/bin/fptool invalidateFund c94f1b5943d59eeac0a80132;
/Marketocracy/bin/fptool invalidateFund c95916633fac36f6c0a80133;
/Marketocracy/bin/fptool invalidateFund c9773a2c4432c92cc0a80132;
/Marketocracy/bin/fptool invalidateFund caf314df4e77581bc0a80134;
/Marketocracy/bin/fptool invalidateFund cb65017a41e32614c0a80133;
/Marketocracy/bin/fptool invalidateFund ccf826fd4964aba8c0a80133;
/Marketocracy/bin/fptool invalidateFund cdee340940b35b97c0a80134;
/Marketocracy/bin/fptool invalidateFund ce515a8846468c95c0a80133;
/Marketocracy/bin/fptool invalidateFund ce7d3eb03d5139fac0a80118;
/Marketocracy/bin/fptool invalidateFund ce7e37d3468cc91cc0a80135;
/Marketocracy/bin/fptool invalidateFund cfc24bf445f936a1c0a80133;
/Marketocracy/bin/fptool invalidateFund cffb13a6452e9a9dc0a80133;
/Marketocracy/bin/fptool invalidateFund d0c12ea74000e9b2c0a80132;
/Marketocracy/bin/fptool invalidateFund d2062bb43d37e733c0a80119;
/Marketocracy/bin/fptool invalidateFund d26b486f4bac0901c0a80133;
/Marketocracy/bin/fptool invalidateFund d64440ec47af8028c0a80135;
/Marketocracy/bin/fptool invalidateFund d93802ae452bba15c0a80134;
/Marketocracy/bin/fptool invalidateFund d9aa436d46dde40cc0a80133;
/Marketocracy/bin/fptool invalidateFund dd792f093c716580c0a80118;
/Marketocracy/bin/fptool invalidateFund de1d1ccb42a766aac0a80132;
/Marketocracy/bin/fptool invalidateFund de3513d8454a995cc0a80135;
/Marketocracy/bin/fptool invalidateFund dfcc286c41bb41aac0a80134;
/Marketocracy/bin/fptool invalidateFund e087453f478d77c5c0a80133;
/Marketocracy/bin/fptool invalidateFund e14e03c1452bba11c0a80133;
/Marketocracy/bin/fptool invalidateFund e14f5daa41f4337bc0a80133;
/Marketocracy/bin/fptool invalidateFund e1eb495f3f170083c0a80134;
/Marketocracy/bin/fptool invalidateFund e315153a3f8444edc0a80132;
/Marketocracy/bin/fptool invalidateFund e3953ee1458ec165c0a80133;
/Marketocracy/bin/fptool invalidateFund e3c2582a43a193cec0a80133;
/Marketocracy/bin/fptool invalidateFund e5ac492444e60c4cc0a80132;
/Marketocracy/bin/fptool invalidateFund e6cb6db741d2e2a3c0a80132;
/Marketocracy/bin/fptool invalidateFund e7c53102469d0944c0a80134;
/Marketocracy/bin/fptool invalidateFund eb7b2781499b446ac0a80134;
/Marketocracy/bin/fptool invalidateFund eca26eb1477e8418c0a80134;
/Marketocracy/bin/fptool invalidateFund ecb448f8475f31dac0a80133;
/Marketocracy/bin/fptool invalidateFund ecc15615472ca463c0a80133;
/Marketocracy/bin/fptool invalidateFund ed090ce243b9c613c0a80133;
/Marketocracy/bin/fptool invalidateFund eeda6ca247462eb2c0a80134;
/Marketocracy/bin/fptool invalidateFund f07d51793ff5c80ac0a80133;
/Marketocracy/bin/fptool invalidateFund f2c842e345a56decc0a80135;
/Marketocracy/bin/fptool invalidateFund f33147bf47a30e23c0a80134;
/Marketocracy/bin/fptool invalidateFund f50e429b476d7382c0a80133;
/Marketocracy/bin/fptool invalidateFund f551373347adb90bc0a80135;
/Marketocracy/bin/fptool invalidateFund f55f33e245db3224c0a80134;
/Marketocracy/bin/fptool invalidateFund f5c0240d411cbc45c0a80134;
/Marketocracy/bin/fptool invalidateFund f9cc3e2748f76d2fc0a80135;
/Marketocracy/bin/fptool invalidateFund fa033b7839fb5109c0a80118;
/Marketocracy/bin/fptool invalidateFund fab835a244aead27c0a80134;
/Marketocracy/bin/fptool invalidateFund fb31580643bc1e75c0a80132;
/Marketocracy/bin/fptool invalidateFund fb653b79425ff2cfc0a80132;
/Marketocracy/bin/fptool invalidateFund fd406592440ff62fc0a80134;
/Marketocracy/bin/fptool invalidateFund ffeb3451464cb0e3c0a80133;