/Marketocracy/bin/fptool invalidateFund 007706223a1bcd55c0a801e0;
/Marketocracy/bin/fptool invalidateFund 007e421d42e113dfc0a80134;
/Marketocracy/bin/fptool invalidateFund 00d42e9a472f7954c0a80135;
/Marketocracy/bin/fptool invalidateFund 01506991481ef038c0a80133;
/Marketocracy/bin/fptool invalidateFund 0349741b4bb4f2a2c0a80134;
/Marketocracy/bin/fptool invalidateFund 047c69a0476e5925c0a80132;
/Marketocracy/bin/fptool invalidateFund 082d65564a11fe59c0a80133;
/Marketocracy/bin/fptool invalidateFund 085a74c445296a85c0a80132;
/Marketocracy/bin/fptool invalidateFund 0a1f3e5d487523ebc0a80133;
/Marketocracy/bin/fptool invalidateFund 0a24069c42f6e8bac0a80134;
/Marketocracy/bin/fptool invalidateFund 0a5d02e4480624c5c0a80135;
/Marketocracy/bin/fptool invalidateFund 0b540eeb445d99bfc0a80132;
/Marketocracy/bin/fptool invalidateFund 0c603ae4469e702ec0a80134;
/Marketocracy/bin/fptool invalidateFund 0cf8257344973ca7c0a80134;
/Marketocracy/bin/fptool invalidateFund 0d471627456a567dc0a80132;
/Marketocracy/bin/fptool invalidateFund 0d7814d0424ddc26c0a80132;
/Marketocracy/bin/fptool invalidateFund 0e7c03b73d8a182fc0a80118;
/Marketocracy/bin/fptool invalidateFund 0f7201333e4a6419c0a80134;
/Marketocracy/bin/fptool invalidateFund 0ff44cc545c26912c0a80133;
/Marketocracy/bin/fptool invalidateFund 150972a24654f602c0a80132;
/Marketocracy/bin/fptool invalidateFund 153049854829c66bc0a80134;
/Marketocracy/bin/fptool invalidateFund 15724fa646db836bc0a80135;
/Marketocracy/bin/fptool invalidateFund 16470d4e41c38dfcc0a80133;
/Marketocracy/bin/fptool invalidateFund 16621a1046152f0dc0a80133;
/Marketocracy/bin/fptool invalidateFund 16ef36cc45956107c0a80134;
/Marketocracy/bin/fptool invalidateFund 1a2e6cc046515369c0a80135;
/Marketocracy/bin/fptool invalidateFund 1bc82d0c4433e411c0a80132;
/Marketocracy/bin/fptool invalidateFund 1c544cc747a1004fc0a80133;
/Marketocracy/bin/fptool invalidateFund 1c6e09d54f16210dc0a80134;
/Marketocracy/bin/fptool invalidateFund 1cd201b6402d19f0c0a80133;
/Marketocracy/bin/fptool invalidateFund 1cf520b7428be995c0a80132;
/Marketocracy/bin/fptool invalidateFund 22c5012e47ab387cc0a80133;
/Marketocracy/bin/fptool invalidateFund 250f14f9461a365ac0a80132;
/Marketocracy/bin/fptool invalidateFund 253b13bb47e6a5a3c0a80135;
/Marketocracy/bin/fptool invalidateFund 265716ee4d38c05bc0a80133;
/Marketocracy/bin/fptool invalidateFund 27ed69b743e2693ac0a80132;
/Marketocracy/bin/fptool invalidateFund 2a825b833f6381f1c0a80134;
/Marketocracy/bin/fptool invalidateFund 2af0590d47bdecf2c0a80133;
/Marketocracy/bin/fptool invalidateFund 2b171b16495d55ffc0a80132;
/Marketocracy/bin/fptool invalidateFund 2bae47304ce55f8bc0a80134;
/Marketocracy/bin/fptool invalidateFund 2c256a5046cdc84bc0a80133;
/Marketocracy/bin/fptool invalidateFund 2c7f51fc44fc2ddec0a80132;
/Marketocracy/bin/fptool invalidateFund 2d77607443b03633c0a80132;
/Marketocracy/bin/fptool invalidateFund 33dc655b40bf5f73c0a80133;
/Marketocracy/bin/fptool invalidateFund 35865c684982654cc0a80132;
/Marketocracy/bin/fptool invalidateFund 37766b3646ba43e8c0a80132;
/Marketocracy/bin/fptool invalidateFund 382d11fb42b43927c0a80133;
/Marketocracy/bin/fptool invalidateFund 38b24d2e49e6e1b6c0a80146;
/Marketocracy/bin/fptool invalidateFund 3a5e583147f02411c0a80132;
/Marketocracy/bin/fptool invalidateFund 3a760a40419ca2bfc0a80134;
/Marketocracy/bin/fptool invalidateFund 3ad203a13cb5f608c0a801e0;
/Marketocracy/bin/fptool invalidateFund 3ad50c7f419be92ac0a80133;
/Marketocracy/bin/fptool invalidateFund 3e253560444cda64c0a80134;
/Marketocracy/bin/fptool invalidateFund 3e9419fb4e594ffac0a80134;
/Marketocracy/bin/fptool invalidateFund 3f244f173d078e83c0a801e2;
/Marketocracy/bin/fptool invalidateFund 3f7530ca47a4d8dec0a80135;
/Marketocracy/bin/fptool invalidateFund 3ff31b404612a4e5c0a80132;
/Marketocracy/bin/fptool invalidateFund 401b3d08477116cbc0a80133;
/Marketocracy/bin/fptool invalidateFund 407d406642a63488c0a80134;
/Marketocracy/bin/fptool invalidateFund 41fe2b7946140406c0a80133;
/Marketocracy/bin/fptool invalidateFund 42185467453fb829c0a80133;
/Marketocracy/bin/fptool invalidateFund 42b85da43ce672fac0a801e1;
/Marketocracy/bin/fptool invalidateFund 44143e5d4875271dc0a80133;
/Marketocracy/bin/fptool invalidateFund 44ff0b103f93f677c0a80134;
/Marketocracy/bin/fptool invalidateFund 46ba0b47481fb93fc0a80135;
/Marketocracy/bin/fptool invalidateFund 48066c0544380b74c0a80132;
/Marketocracy/bin/fptool invalidateFund 4836333a42142406c0a80132;
/Marketocracy/bin/fptool invalidateFund 4b5c6cfd43e8f2d4c0a80134;
/Marketocracy/bin/fptool invalidateFund 4c2036c442f073e9c0a80132;
/Marketocracy/bin/fptool invalidateFund 4c5555e142ff9d42c0a80134;
/Marketocracy/bin/fptool invalidateFund 4e7b0bbe47421f71c0a80135;
/Marketocracy/bin/fptool invalidateFund 4e9f0f583c3cf6a5c0a801e0;
/Marketocracy/bin/fptool invalidateFund 4f161d94434aebe4c0a80133;
/Marketocracy/bin/fptool invalidateFund 5043351f44a1ef4bc0a80134;
/Marketocracy/bin/fptool invalidateFund 52142df646f28c93c0a80132;
/Marketocracy/bin/fptool invalidateFund 5216249f4a3b643dc0a80135;
/Marketocracy/bin/fptool invalidateFund 53734ea44162e164c0a80132;
/Marketocracy/bin/fptool invalidateFund 53ec251b46a9304ec0a80135;
/Marketocracy/bin/fptool invalidateFund 54d113c44249b848c0a80132;
/Marketocracy/bin/fptool invalidateFund 55805bdc4a4150dcc0a80135;
/Marketocracy/bin/fptool invalidateFund 5598030246b10b53c0a80134;
/Marketocracy/bin/fptool invalidateFund 55e50ba9472e6c43c0a80135;
/Marketocracy/bin/fptool invalidateFund 56c36d953cb3534ec0a801e0;
/Marketocracy/bin/fptool invalidateFund 56ee251b46a9322dc0a80135;
/Marketocracy/bin/fptool invalidateFund 591622b83e6edd50c0a80132;
/Marketocracy/bin/fptool invalidateFund 59843bf146580c6ac0a80132;
/Marketocracy/bin/fptool invalidateFund 5a3652f5453d07ccc0a80133;
/Marketocracy/bin/fptool invalidateFund 5da6017b420a33bac0a80133;
/Marketocracy/bin/fptool invalidateFund 5ee939dd473db608c0a80133;
/Marketocracy/bin/fptool invalidateFund 5f90469e48650e84c0a80134;
/Marketocracy/bin/fptool invalidateFund 5fd4176447a7be21c0a80135;
/Marketocracy/bin/fptool invalidateFund 608c34ab4537c50fc0a80133;
/Marketocracy/bin/fptool invalidateFund 62ea310e4151b35fc0a80132;
/Marketocracy/bin/fptool invalidateFund 63616ca53e4e753fc0a80132;
/Marketocracy/bin/fptool invalidateFund 6408567848ece29ec0a80133;
/Marketocracy/bin/fptool invalidateFund 648f207f43b9cefbc0a80132;
/Marketocracy/bin/fptool invalidateFund 65156b5a4523c005c0a80133;
/Marketocracy/bin/fptool invalidateFund 664b31e43c71337fc0a801e1;
/Marketocracy/bin/fptool invalidateFund 67056cfd43e8ed79c0a80134;
/Marketocracy/bin/fptool invalidateFund 670913d60d2aaefdf3f4e962;
/Marketocracy/bin/fptool invalidateFund 67754191429e4a88c0a80134;
/Marketocracy/bin/fptool invalidateFund 687a413b4766855ac0a80132;
/Marketocracy/bin/fptool invalidateFund 69ac21184148973bc0a8013c;
/Marketocracy/bin/fptool invalidateFund 6b2804674209216fc0a80132;
/Marketocracy/bin/fptool invalidateFund 6d5b033e41fc9a99c0a80133;
/Marketocracy/bin/fptool invalidateFund 6e830dfa3d5371c0c0a801e2;
/Marketocracy/bin/fptool invalidateFund 6f6c5f24427cf666c0a80132;
/Marketocracy/bin/fptool invalidateFund 6fc22b6448225477c0a80134;
/Marketocracy/bin/fptool invalidateFund 71d11f214582d7bec0a80134;
/Marketocracy/bin/fptool invalidateFund 758a67193cfe6ffbc0a801e1;
/Marketocracy/bin/fptool invalidateFund 77233fd544738011c0a80132;
/Marketocracy/bin/fptool invalidateFund 775a1c2647d9aadcc0a80133;
/Marketocracy/bin/fptool invalidateFund 79200c9046adaed3c0a80133;
/Marketocracy/bin/fptool invalidateFund 7927492347200ab9c0a80133;
/Marketocracy/bin/fptool invalidateFund 793409b241bee23ac0a80132;
/Marketocracy/bin/fptool invalidateFund 797b10a13d3d8914c0a80119;
/Marketocracy/bin/fptool invalidateFund 7ae90c7a41d078f0c0a80132;
/Marketocracy/bin/fptool invalidateFund 7b873bc445707a5cc0a80135;
/Marketocracy/bin/fptool invalidateFund 7ba7085f3b656e05c0a801e0;
/Marketocracy/bin/fptool invalidateFund 7de127d43ffef942c0a80132;
/Marketocracy/bin/fptool invalidateFund 7ef255af4820cf20c0a80135;
/Marketocracy/bin/fptool invalidateFund 7ef51dc94603e4aec0a80133;
/Marketocracy/bin/fptool invalidateFund 7f0f47ef4cf7f91ac0a80132;
/Marketocracy/bin/fptool invalidateFund 80bf68d143ab2e69c0a80132;
/Marketocracy/bin/fptool invalidateFund 844a12853c4b5486c0a80118;
/Marketocracy/bin/fptool invalidateFund 8452168d39e78791c0a80118;
/Marketocracy/bin/fptool invalidateFund 848a036341e4890cc0a80134;
/Marketocracy/bin/fptool invalidateFund 853871c845bd23eac0a80134;
/Marketocracy/bin/fptool invalidateFund 8579250248128049c0a80134;
/Marketocracy/bin/fptool invalidateFund 85df731847e0617dc0a80134;
/Marketocracy/bin/fptool invalidateFund 85e412a34684eebbc0a80132;
/Marketocracy/bin/fptool invalidateFund 868400de47ba2e55c0a80132;
/Marketocracy/bin/fptool invalidateFund 86fd2a184398e6e8c0a80134;
/Marketocracy/bin/fptool invalidateFund 874b4db33b0291c9c0a80119;
/Marketocracy/bin/fptool invalidateFund 8792543742bb1ae0c0a80132;
/Marketocracy/bin/fptool invalidateFund 89740bdc4484be22c0a80132;
/Marketocracy/bin/fptool invalidateFund 8993305f426d048bc0a80132;
/Marketocracy/bin/fptool invalidateFund 8cb820d045dfbd87c0a80134;
/Marketocracy/bin/fptool invalidateFund 8d9345894719c4a2c0a80134;
/Marketocracy/bin/fptool invalidateFund 8ef802d84c3724e4c0a80132;
/Marketocracy/bin/fptool invalidateFund 8f6f70d73c39fdecc0a80119;
/Marketocracy/bin/fptool invalidateFund 8f9d1cc548d95969c0a80132;
/Marketocracy/bin/fptool invalidateFund 90e761e24012d8aec0a80134;
/Marketocracy/bin/fptool invalidateFund 9122320146f28fe3c0a80135;
/Marketocracy/bin/fptool invalidateFund 917829f348a271f8c0a80132;
/Marketocracy/bin/fptool invalidateFund 92b64314438a626fc0a80133;
/Marketocracy/bin/fptool invalidateFund 935147bc3d3318f0c0a80119;
/Marketocracy/bin/fptool invalidateFund 94450b2047785884c0a80134;
/Marketocracy/bin/fptool invalidateFund 967e443344c4bed6c0a80134;
/Marketocracy/bin/fptool invalidateFund 98f419684627d6edc0a80132;
/Marketocracy/bin/fptool invalidateFund 999415454880bf07c0a80132;
/Marketocracy/bin/fptool invalidateFund 99964a024820302ac0a80133;
/Marketocracy/bin/fptool invalidateFund 99a12e2c48642b7cc0a80133;
/Marketocracy/bin/fptool invalidateFund 9b29029547214ebac0a80134;
/Marketocracy/bin/fptool invalidateFund 9b3d68d9483c887ac0a80133;
/Marketocracy/bin/fptool invalidateFund 9e5836953db6fab4c0a80135;
/Marketocracy/bin/fptool invalidateFund 9fbc04da4979dacec0a80134;
/Marketocracy/bin/fptool invalidateFund a0c31ed63d6a8027c0a801e0;
/Marketocracy/bin/fptool invalidateFund a0e401334675fd26c0a80132;
/Marketocracy/bin/fptool invalidateFund a102276a45271cc3c0a80132;
/Marketocracy/bin/fptool invalidateFund a2781f853c5f48f2c0a80119;
/Marketocracy/bin/fptool invalidateFund a50540b93eb85865c0a80133;
/Marketocracy/bin/fptool invalidateFund a6140722424ef6c2c0a80133;
/Marketocracy/bin/fptool invalidateFund a74808e244d903fdc0a80133;
/Marketocracy/bin/fptool invalidateFund a9ca02a4465214f5c0a80133;
/Marketocracy/bin/fptool invalidateFund aa7d737747e03ca2c0a80133;
/Marketocracy/bin/fptool invalidateFund aac4731c3daa1c58c0a80135;
/Marketocracy/bin/fptool invalidateFund abc65ffb468e9810c0a80133;
/Marketocracy/bin/fptool invalidateFund af572d27454f884ec0a80132;
/Marketocracy/bin/fptool invalidateFund b1356ddb42150193c0a80133;
/Marketocracy/bin/fptool invalidateFund b19600e443a8cd78c0a80134;
/Marketocracy/bin/fptool invalidateFund b1c874274538e5e2c0a80134;
/Marketocracy/bin/fptool invalidateFund b1eb41193b389550c0a801e0;
/Marketocracy/bin/fptool invalidateFund b3a60ffa44883147c0a80132;
/Marketocracy/bin/fptool invalidateFund b4e022aa4d31f7b1c0a80134;
/Marketocracy/bin/fptool invalidateFund b577053747f000d0c0a80135;
/Marketocracy/bin/fptool invalidateFund b5f80e2648c823aac0a80135;
/Marketocracy/bin/fptool invalidateFund b79572c248c240a4c0a80132;
/Marketocracy/bin/fptool invalidateFund b7b932d548c1d440c0a80133;
/Marketocracy/bin/fptool invalidateFund b905037d473dc1d9c0a80134;
/Marketocracy/bin/fptool invalidateFund b92860bf3f06e04fc0a80132;
/Marketocracy/bin/fptool invalidateFund b97f57583a4d33a4c0a80119;
/Marketocracy/bin/fptool invalidateFund bb7f648d3e459c38c0a80132;
/Marketocracy/bin/fptool invalidateFund bc0614cb45ef0790c0a80133;
/Marketocracy/bin/fptool invalidateFund bcff0cb34590448ec0a80134;
/Marketocracy/bin/fptool invalidateFund bd3b198043d74179c0a80133;
/Marketocracy/bin/fptool invalidateFund bdb8253f44b48372c0a80134;
/Marketocracy/bin/fptool invalidateFund bdcb158746895399c0a80133;
/Marketocracy/bin/fptool invalidateFund bf312f73488a5421c0a80133;
/Marketocracy/bin/fptool invalidateFund bf3b65e843eb7b6ac0a80134;
/Marketocracy/bin/fptool invalidateFund bff25d1a3f09ad78c0a80134;
/Marketocracy/bin/fptool invalidateFund c0f617b1464fbb3ec0a80133;
/Marketocracy/bin/fptool invalidateFund c1a0229047a48efec0a80134;
/Marketocracy/bin/fptool invalidateFund c305718c4acacf9ac0a80135;
/Marketocracy/bin/fptool invalidateFund c3132b3144f08eecc0a80134;
/Marketocracy/bin/fptool invalidateFund c709428545f494d2c0a80134;
/Marketocracy/bin/fptool invalidateFund c72332d245955764c0a80135;
/Marketocracy/bin/fptool invalidateFund c9905ac046633ecfc0a80134;
/Marketocracy/bin/fptool invalidateFund ca205eac3b8f7f19c0a80118;
/Marketocracy/bin/fptool invalidateFund ccbc221c3c7970ebc0a801e0;
/Marketocracy/bin/fptool invalidateFund ce5559a9447ebbdcc0a80132;
/Marketocracy/bin/fptool invalidateFund cfdf416946378002c0a80132;
/Marketocracy/bin/fptool invalidateFund d0a4021b477bae15c0a80132;
/Marketocracy/bin/fptool invalidateFund d19902af4874e243c0a80133;
/Marketocracy/bin/fptool invalidateFund d26f0d8a46f28fe3c0a80133;
/Marketocracy/bin/fptool invalidateFund d2784c26473db2d0c0a80135;
/Marketocracy/bin/fptool invalidateFund d2c86e083d91d097c0a80132;
/Marketocracy/bin/fptool invalidateFund d374605145da399ec0a80132;
/Marketocracy/bin/fptool invalidateFund d38300f143fd743ac0a80134;
/Marketocracy/bin/fptool invalidateFund d54c27d8475c40f1c0a80134;
/Marketocracy/bin/fptool invalidateFund d5b707a2433dbd9dc0a80133;
/Marketocracy/bin/fptool invalidateFund d6131ba347f95373c0a80134;
/Marketocracy/bin/fptool invalidateFund d6516a2f41af89b0c0a80132;
/Marketocracy/bin/fptool invalidateFund d73003a040f05984c0a80132;
/Marketocracy/bin/fptool invalidateFund d8560ac739c8785cc0a801e0;
/Marketocracy/bin/fptool invalidateFund d93d0c4643551b81c0a80134;
/Marketocracy/bin/fptool invalidateFund da7221904202d10ec0a80133;
/Marketocracy/bin/fptool invalidateFund dab15c5948daff8ac0a80135;
/Marketocracy/bin/fptool invalidateFund daf964003c45afddc0a801e0;
/Marketocracy/bin/fptool invalidateFund dafa371145090fe2c0a80132;
/Marketocracy/bin/fptool invalidateFund db410d9e47e678aec0a80134;
/Marketocracy/bin/fptool invalidateFund dbc04c9143f01250c0a80133;
/Marketocracy/bin/fptool invalidateFund de7f1bea3c771a9dc0a80118;
/Marketocracy/bin/fptool invalidateFund e0946f094713c1d5c0a80134;
/Marketocracy/bin/fptool invalidateFund e0ca1f2d4471efddc0a80132;
/Marketocracy/bin/fptool invalidateFund e0cf416747599275c0a80133;
/Marketocracy/bin/fptool invalidateFund e10b15ec44ad6f63c0a80134;
/Marketocracy/bin/fptool invalidateFund e1aa1d14477acf27c0a80134;
/Marketocracy/bin/fptool invalidateFund e2df262b45a4e55dc0a80132;
/Marketocracy/bin/fptool invalidateFund e3d316a648a8ba60c0a80135;
/Marketocracy/bin/fptool invalidateFund e46b1ad04477a1c7c0a80134;
/Marketocracy/bin/fptool invalidateFund e6f511d7479eefc0c0a80135;
/Marketocracy/bin/fptool invalidateFund e7c968f83e67a97ac0a80132;
/Marketocracy/bin/fptool invalidateFund e7db2ae148666290c0a80132;
/Marketocracy/bin/fptool invalidateFund e8f02a95460735bdc0a80133;
/Marketocracy/bin/fptool invalidateFund e9a54e5c440e401fc0a80134;
/Marketocracy/bin/fptool invalidateFund e9ac529b46146ffec0a80134;
/Marketocracy/bin/fptool invalidateFund ea266f0e429263efc0a80133;
/Marketocracy/bin/fptool invalidateFund ec2e44653efb575cc0a80132;
/Marketocracy/bin/fptool invalidateFund ec454a2f430f558fc0a80132;
/Marketocracy/bin/fptool invalidateFund ec9d370f482d65efc0a80132;
/Marketocracy/bin/fptool invalidateFund eca74eb139c63919c0a801e0;
/Marketocracy/bin/fptool invalidateFund ecd41d14477acff6c0a80134;
/Marketocracy/bin/fptool invalidateFund ecd5611b4897cd2dc0a80133;
/Marketocracy/bin/fptool invalidateFund ee4b12dc432bb0e2c0a80132;
/Marketocracy/bin/fptool invalidateFund ee6f574d42aee6ccc0a80132;
/Marketocracy/bin/fptool invalidateFund ef556483496c4925c0a80133;
/Marketocracy/bin/fptool invalidateFund f0cc1fcc4693fd4ec0a80132;
/Marketocracy/bin/fptool invalidateFund f0df67bc41d1c393c0a80134;
/Marketocracy/bin/fptool invalidateFund f42a13cd4464b6ddc0a80134;
/Marketocracy/bin/fptool invalidateFund f5bd1c3949f5d1bfc0a80133;
/Marketocracy/bin/fptool invalidateFund f5c426eb417969d2c0a80132;
/Marketocracy/bin/fptool invalidateFund f6a457da40b4cba1c0a80134;
/Marketocracy/bin/fptool invalidateFund f6d924613ae4711fc0a801e0;
/Marketocracy/bin/fptool invalidateFund f71264513db5807cc0a80135;
/Marketocracy/bin/fptool invalidateFund f78d66e64a048acfc0a80135;
/Marketocracy/bin/fptool invalidateFund f7da0178488e4ce3c0a80133;
/Marketocracy/bin/fptool invalidateFund f898248543204e22c0a80132;
/Marketocracy/bin/fptool invalidateFund f94031964b574f74c0a80134;
/Marketocracy/bin/fptool invalidateFund f96722b23f8dacadc0a80132;
/Marketocracy/bin/fptool invalidateFund f9dc30c34552b091c0a80135;
/Marketocracy/bin/fptool invalidateFund fa9120e043e0e2b4c0a80133;
/Marketocracy/bin/fptool invalidateFund fbe31f19426acd17c0a80132;
/Marketocracy/bin/fptool invalidateFund fcf66c0a4bc2e472c0a80134;
/Marketocracy/bin/fptool invalidateFund fd406592440ff62fc0a80134;
/Marketocracy/bin/fptool invalidateFund fe5e50a33feef2dcc0a80132;
/Marketocracy/bin/fptool invalidateFund ffec17514e0d4cabc0a80135;