/Marketocracy/bin/fptool invalidateFund 003b682d3986a964c0a80118;
/Marketocracy/bin/fptool invalidateFund 03d727ef3c6bdd0cc0a801e0;
/Marketocracy/bin/fptool invalidateFund 057131cf3995f70cc0a801e1;
/Marketocracy/bin/fptool invalidateFund 06cd58773ca0dfbfc0a80118;
/Marketocracy/bin/fptool invalidateFund 07b825b33ce2aff8c0a80119;
/Marketocracy/bin/fptool invalidateFund 08a10df539ff2a80c0a801e1;
/Marketocracy/bin/fptool invalidateFund 0c2872e03b7e7842c0a80118;
/Marketocracy/bin/fptool invalidateFund 0d395a783a4c5283c0a801e0;
/Marketocracy/bin/fptool invalidateFund 126149873975147fc0a801e1;
/Marketocracy/bin/fptool invalidateFund 1361390939f9d131c0a80118;
/Marketocracy/bin/fptool invalidateFund 13f337b63abfd7ddc0a80119;
/Marketocracy/bin/fptool invalidateFund 16ca3ce93ec79c9cc0a80133;
/Marketocracy/bin/fptool invalidateFund 19675cb73a1d6aa5c0a80118;
/Marketocracy/bin/fptool invalidateFund 1b570f9839fcfa3fc0a80119;
/Marketocracy/bin/fptool invalidateFund 20b309593bdf2248c0a801e1;
/Marketocracy/bin/fptool invalidateFund 225c46c8416ee040c0a80133;
/Marketocracy/bin/fptool invalidateFund 274c62283b5dddddc0a80118;
/Marketocracy/bin/fptool invalidateFund 280143ee3c67ef3ac0a80119;
/Marketocracy/bin/fptool invalidateFund 3b2c280f397cb963c0a80118;
/Marketocracy/bin/fptool invalidateFund 3b366afe4033bf9bc0a80132;
/Marketocracy/bin/fptool invalidateFund 44ba236139f9d516c0a801e0;
/Marketocracy/bin/fptool invalidateFund 4afb26d13cace10ec0a801e1;
/Marketocracy/bin/fptool invalidateFund 4b2c6afe3efb0342c0a80134;
/Marketocracy/bin/fptool invalidateFund 4bda5db539f88c9cc0a801e1;
/Marketocracy/bin/fptool invalidateFund 6525351a3d93b7abc0a80134;
/Marketocracy/bin/fptool invalidateFund 70c007213b0bc073c0a801e1;
/Marketocracy/bin/fptool invalidateFund 71c241e13a46ef06c0a801e1;
/Marketocracy/bin/fptool invalidateFund 778d3b1c3a27cf89c0a801e1;
/Marketocracy/bin/fptool invalidateFund 7c8660543a71aaadc0a801e1;
/Marketocracy/bin/fptool invalidateFund 83e93587397cca9dc0a80119;
/Marketocracy/bin/fptool invalidateFund 843701e83a43ae58c0a801e1;
/Marketocracy/bin/fptool invalidateFund 854a5a9a3976fa75c0a801e1;
/Marketocracy/bin/fptool invalidateFund 96cc52ca3a2b5505c0a801e1;
/Marketocracy/bin/fptool invalidateFund 98333fe23c0d8633c0a80119;
/Marketocracy/bin/fptool invalidateFund 9d5d1c2c43fe67cbc0a80133;
/Marketocracy/bin/fptool invalidateFund a12f260239f9e467c0a801e1;
/Marketocracy/bin/fptool invalidateFund a210411b3a1d7fbbc0a80119;
/Marketocracy/bin/fptool invalidateFund a5ec6fc43b20c267c0a801e0;
/Marketocracy/bin/fptool invalidateFund a88a0a463a6c77b9c0a801e0;
/Marketocracy/bin/fptool invalidateFund b08708ba399dba6ec0a80119;
/Marketocracy/bin/fptool invalidateFund b56c200e3a1c5dfcc0a801e0;
/Marketocracy/bin/fptool invalidateFund bd5033923ab95383c0a801e0;
/Marketocracy/bin/fptool invalidateFund c33611aa3f5f4cffc0a80133;
/Marketocracy/bin/fptool invalidateFund c70217663a5d3964c0a80119;
/Marketocracy/bin/fptool invalidateFund d41b4fa93aa15ed4c0a80119;
/Marketocracy/bin/fptool invalidateFund d5bb41ed3eba9103c0a80134;
/Marketocracy/bin/fptool invalidateFund d9f90b6d39e34a7ec0a80119;
/Marketocracy/bin/fptool invalidateFund dde232d93d7e09bfc0a80118;
/Marketocracy/bin/fptool invalidateFund de152e7a3ca08ad6c0a801e1;
/Marketocracy/bin/fptool invalidateFund e82373ce3c0d1ceac0a801e1;
/Marketocracy/bin/fptool invalidateFund eed454693a5331edc0a80118;
/Marketocracy/bin/fptool invalidateFund f23c69093976737fc0a801e1;
/Marketocracy/bin/fptool invalidateFund fdc10f9d3a15fbb8c0a801e1;
/Marketocracy/bin/fptool invalidateFund fe1535273b4c7a94c0a801e1;