/Marketocracy/bin/fptool invalidateFund 106a632e41ee6fd2c0a80132;
/Marketocracy/bin/fptool invalidateFund 12650b183b8beff9c0a80119;
/Marketocracy/bin/fptool invalidateFund 1be82da33cee54a8c0a801e0;
/Marketocracy/bin/fptool invalidateFund 49524b803bcb2771c0a801e0;
/Marketocracy/bin/fptool invalidateFund 4f0c70363e9d4ca5c0a80134;
/Marketocracy/bin/fptool invalidateFund 53bd0d6d39980613c0a80151;
/Marketocracy/bin/fptool invalidateFund 576410e13f664258c0a80132;
/Marketocracy/bin/fptool invalidateFund 66086b4f3e5d6289c0a80133;
/Marketocracy/bin/fptool invalidateFund 716404ed3cfe4bc1c0a80118;
/Marketocracy/bin/fptool invalidateFund 7380697e3c24db07c0a801e1;
/Marketocracy/bin/fptool invalidateFund 78bf6da73efb3889c0a80133;
/Marketocracy/bin/fptool invalidateFund 9f0a0cee3e8e2db6c0a80134;
/Marketocracy/bin/fptool invalidateFund b45729f03a1d5183c0a801e1;
/Marketocracy/bin/fptool invalidateFund b7f519b0429caec2c0a80132;
/Marketocracy/bin/fptool invalidateFund c2e311fc41b84f15c0a80134;
/Marketocracy/bin/fptool invalidateFund d1ea5c953c223bccc0a80118;