/Marketocracy/bin/fptool invalidateFund 0b0f34013f022521c0a80134;
/Marketocracy/bin/fptool invalidateFund 0c8505373a15d74fc0a801e0;
/Marketocracy/bin/fptool invalidateFund 0ed2238a42d198a0c0a80133;
/Marketocracy/bin/fptool invalidateFund 157433233ad3e72ac0a801e0;
/Marketocracy/bin/fptool invalidateFund 1dac6c5d39eed714c0a80119;
/Marketocracy/bin/fptool invalidateFund 1dfd29e63eba7ef4c0a80133;
/Marketocracy/bin/fptool invalidateFund 218932c53ad611efc0a801e0;
/Marketocracy/bin/fptool invalidateFund 23d95e574272b535c0a80132;
/Marketocracy/bin/fptool invalidateFund 25bf274b401efd22c0a80133;
/Marketocracy/bin/fptool invalidateFund 28654f5542d175e0c0a80132;
/Marketocracy/bin/fptool invalidateFund 2d0462c73bab7db8c0a80118;
/Marketocracy/bin/fptool invalidateFund 2f200472420a4c21c0a80133;
/Marketocracy/bin/fptool invalidateFund 31d365764014f807c0a80133;
/Marketocracy/bin/fptool invalidateFund 350a48e840be23d8c0a80134;
/Marketocracy/bin/fptool invalidateFund 3c2f404e3d1b3035c0a801e2;
/Marketocracy/bin/fptool invalidateFund 3c701efa3d3da5f0c0a801e0;
/Marketocracy/bin/fptool invalidateFund 459737a139adbb36c0a801e1;
/Marketocracy/bin/fptool invalidateFund 491969b63ad4b68ac0a801e0;
/Marketocracy/bin/fptool invalidateFund 4a8a15a6396fa543c0a80119;
/Marketocracy/bin/fptool invalidateFund 4bb56e1039784c46c0a801e1;
/Marketocracy/bin/fptool invalidateFund 4d934cc13e6014cfc0a80135;
/Marketocracy/bin/fptool invalidateFund 55e918df45a7d78ac0a80134;
/Marketocracy/bin/fptool invalidateFund 5654424c3a249918c0a80118;
/Marketocracy/bin/fptool invalidateFund 5c115f414087fca3ffffffff;
/Marketocracy/bin/fptool invalidateFund 63001c8339ccac9cc0a80119;
/Marketocracy/bin/fptool invalidateFund 67fa576840870a89ffffffff;
/Marketocracy/bin/fptool invalidateFund 68fe0d8242371086c0a80134;
/Marketocracy/bin/fptool invalidateFund 698f5b793b7979dac0a80119;
/Marketocracy/bin/fptool invalidateFund 7351511f3e652760c0a80135;
/Marketocracy/bin/fptool invalidateFund 770d3a2040c4748dc0a80132;
/Marketocracy/bin/fptool invalidateFund 78274eb33d22fb38c0a801e0;
/Marketocracy/bin/fptool invalidateFund 7bf722193d5bbba6c0a80118;
/Marketocracy/bin/fptool invalidateFund 7ea0703f3f65fc9ac0a80134;
/Marketocracy/bin/fptool invalidateFund 85005ddf3f8f496bc0a80134;
/Marketocracy/bin/fptool invalidateFund 8629450a3d4ab5c2c0a80118;
/Marketocracy/bin/fptool invalidateFund 87104bcb3ada08ecc0a80119;
/Marketocracy/bin/fptool invalidateFund 8854305239d9ca5cc0a80118;
/Marketocracy/bin/fptool invalidateFund 8973293c3bb28915c0a80118;
/Marketocracy/bin/fptool invalidateFund 8993305f426d048bc0a80132;
/Marketocracy/bin/fptool invalidateFund 8b553f8c3efcb850c0a80133;
/Marketocracy/bin/fptool invalidateFund 8c3a229339c9c63ac0a801e0;
/Marketocracy/bin/fptool invalidateFund 8eea4e6045a21aafc0a80135;
/Marketocracy/bin/fptool invalidateFund 90180d8339c5814ac0a801e0;
/Marketocracy/bin/fptool invalidateFund 9050371d418a9cf2c0a8013c;
/Marketocracy/bin/fptool invalidateFund 9076371d418a9cf2c0a8013c;
/Marketocracy/bin/fptool invalidateFund 9078371d418a9cf2c0a8013c;
/Marketocracy/bin/fptool invalidateFund 907a371d418a9cf2c0a8013c;
/Marketocracy/bin/fptool invalidateFund 907c371d418a9cf2c0a8013c;
/Marketocracy/bin/fptool invalidateFund 90ae306a40890b4bffffffff;
/Marketocracy/bin/fptool invalidateFund 93610d293a240745c0a80118;
/Marketocracy/bin/fptool invalidateFund 966833793a005ea6c0a801e1;
/Marketocracy/bin/fptool invalidateFund 96aa3dfe39b00bc3c0a801e1;
/Marketocracy/bin/fptool invalidateFund 9f1e12c43d40cab5c0a801e0;
/Marketocracy/bin/fptool invalidateFund a06d3ccc399f1f2ac0a801e1;
/Marketocracy/bin/fptool invalidateFund a6cb0ef83fb16ef6c0a80133;
/Marketocracy/bin/fptool invalidateFund a8cd08883d88a3dcc0a801e2;
/Marketocracy/bin/fptool invalidateFund aa842af939d8e3eec0a80118;
/Marketocracy/bin/fptool invalidateFund ac784ff23b697004c0a80119;
/Marketocracy/bin/fptool invalidateFund aee43af63fdf4dc5c0a80133;
/Marketocracy/bin/fptool invalidateFund b29b46373f55498cc0a80132;
/Marketocracy/bin/fptool invalidateFund b5ed5e8a40c06e36c0a80134;
/Marketocracy/bin/fptool invalidateFund bcae4ad33a388561c0a801e0;
/Marketocracy/bin/fptool invalidateFund c8a0687b423f41c9c0a80132;
/Marketocracy/bin/fptool invalidateFund c94348ab3b5f7459c0a80119;
/Marketocracy/bin/fptool invalidateFund cec4026145d861fac0a80133;
/Marketocracy/bin/fptool invalidateFund ced428f53a02270dc0a801e1;
/Marketocracy/bin/fptool invalidateFund d67e55f9395d11a5c0a80119;
/Marketocracy/bin/fptool invalidateFund e10b15ec44ad6f63c0a80134;
/Marketocracy/bin/fptool invalidateFund e2402f6842ecfcf5c0a80132;
/Marketocracy/bin/fptool invalidateFund e56317ac42eec053c0a80132;
/Marketocracy/bin/fptool invalidateFund ef180978397720ddc0a801e1;
/Marketocracy/bin/fptool invalidateFund ef3f480e4023e205c0a80133;
/Marketocracy/bin/fptool invalidateFund efba1cce3d402ab0c0a80118;
/Marketocracy/bin/fptool invalidateFund f20304253f3d41cdc0a80133;
/Marketocracy/bin/fptool invalidateFund f46c60c53b55dbd9c0a80119;
/Marketocracy/bin/fptool invalidateFund f5381c3f3addb1b9c0a801e0;
/Marketocracy/bin/fptool invalidateFund fafe00ab39774d11c0a801e0;
/Marketocracy/bin/fptool invalidateFund fcd527734088e300ffffffff;