/Marketocracy/bin/fptool invalidateFund 05a81c6839765dcac0a801e0;
/Marketocracy/bin/fptool invalidateFund 0e941a413b6aba25c0a80119;
/Marketocracy/bin/fptool invalidateFund 1f43490e3a493a3ac0a80119;
/Marketocracy/bin/fptool invalidateFund 1f5a1bd23a1b1e7ac0a80118;
/Marketocracy/bin/fptool invalidateFund 230902f73a2710e6c0a80119;
/Marketocracy/bin/fptool invalidateFund 256517c63cdc1695c0a80119;
/Marketocracy/bin/fptool invalidateFund 2c1704743b6ad6e8c0a80118;
/Marketocracy/bin/fptool invalidateFund 2c6064d33b21207ec0a801e0;
/Marketocracy/bin/fptool invalidateFund 3054350e3a679987c0a80119;
/Marketocracy/bin/fptool invalidateFund 33e82945399fd32fc0a801e1;
/Marketocracy/bin/fptool invalidateFund 39e942b33cb72cb1c0a80118;
/Marketocracy/bin/fptool invalidateFund 3c656d4f398d0915c0a80119;
/Marketocracy/bin/fptool invalidateFund 3d66628b3d3eecafc0a80119;
/Marketocracy/bin/fptool invalidateFund 44122c4f3a8c6aa2c0a80119;
/Marketocracy/bin/fptool invalidateFund 45ea0be53b8bd0c1c0a80119;
/Marketocracy/bin/fptool invalidateFund 53a64af343d170afc0a80132;
/Marketocracy/bin/fptool invalidateFund 553d57683c43a797c0a80118;
/Marketocracy/bin/fptool invalidateFund 58a1589139726f6fc0a80119;
/Marketocracy/bin/fptool invalidateFund 5dbb0e13398ca59ec0a80118;
/Marketocracy/bin/fptool invalidateFund 6019221739d0f1edc0a80118;
/Marketocracy/bin/fptool invalidateFund 64e2321f3c9b6976c0a80119;
/Marketocracy/bin/fptool invalidateFund 67b567fd3b20da74c0a80118;
/Marketocracy/bin/fptool invalidateFund 69725783399adf3ac0a80119;
/Marketocracy/bin/fptool invalidateFund 6b926b1639fdfaecc0a80118;
/Marketocracy/bin/fptool invalidateFund 6deb34333b5ddd92c0a801e0;
/Marketocracy/bin/fptool invalidateFund 8cea16743a2ac47cc0a80119;
/Marketocracy/bin/fptool invalidateFund 913b320d39b938afc0a801e0;
/Marketocracy/bin/fptool invalidateFund 91c068de3af30f58c0a801e1;
/Marketocracy/bin/fptool invalidateFund 962c0cbb3c9f3159c0a80118;
/Marketocracy/bin/fptool invalidateFund 9b5e3313397677cec0a801e0;
/Marketocracy/bin/fptool invalidateFund 9bcc036a3b86a0c1c0a80118;
/Marketocracy/bin/fptool invalidateFund adb626173974e05dc0a801e1;
/Marketocracy/bin/fptool invalidateFund b8fd6ea34072db9fffffffff;
/Marketocracy/bin/fptool invalidateFund bf725cc73b7148f4c0a801e1;
/Marketocracy/bin/fptool invalidateFund c2a76f703af0a845c0a801e0;
/Marketocracy/bin/fptool invalidateFund c40200763977def4c0a801e0;
/Marketocracy/bin/fptool invalidateFund c8df36de47fedb6dc0a80132;
/Marketocracy/bin/fptool invalidateFund c914442739fe2ccdc0a80118;
/Marketocracy/bin/fptool invalidateFund c970665f39ca47adc0a801e0;
/Marketocracy/bin/fptool invalidateFund cad24e343bc667b8c0a80118;
/Marketocracy/bin/fptool invalidateFund cb3b039539dfacedc0a80118;
/Marketocracy/bin/fptool invalidateFund cdd45a5c4083e7d4ffffffff;
/Marketocracy/bin/fptool invalidateFund ce5b5e9b3a43c163c0a801e1;
/Marketocracy/bin/fptool invalidateFund d868488139e14a4ac0a80119;
/Marketocracy/bin/fptool invalidateFund dbc402253c9cd94ac0a80119;
/Marketocracy/bin/fptool invalidateFund e4aa04ae3a1ff9a5c0a801e1;
/Marketocracy/bin/fptool invalidateFund e58a35c33a21bc4fc0a80118;
/Marketocracy/bin/fptool invalidateFund ea7472103b5e1123c0a801e0;
/Marketocracy/bin/fptool invalidateFund ed22200647ed5502c0a80134;
/Marketocracy/bin/fptool invalidateFund f4216839399b2f74c0a80118;