/Marketocracy/bin/fptool invalidateFund 01ff7091406add3effffffff;
/Marketocracy/bin/fptool invalidateFund 108d6f403e9ad0c1c0a80133;
/Marketocracy/bin/fptool invalidateFund 1a62157d434023c6c0a80133;
/Marketocracy/bin/fptool invalidateFund 1ecc02383a34ac1fc0a80118;
/Marketocracy/bin/fptool invalidateFund 24942fc44158bd97c0a80134;
/Marketocracy/bin/fptool invalidateFund 2be04b2c3a260f9cc0a80119;
/Marketocracy/bin/fptool invalidateFund 2d0066ea40356ecac0a80133;
/Marketocracy/bin/fptool invalidateFund 3c470af441fd0afdc0a80134;
/Marketocracy/bin/fptool invalidateFund 45fa3d623a3e1d91c0a801e1;
/Marketocracy/bin/fptool invalidateFund 46e555723ae990bcc0a80118;
/Marketocracy/bin/fptool invalidateFund 66030e383a383ac3c0a80119;
/Marketocracy/bin/fptool invalidateFund 82e918173aa9e600c0a80119;
/Marketocracy/bin/fptool invalidateFund 845703423f2de9b0c0a80134;
/Marketocracy/bin/fptool invalidateFund 8a99289742edbab2c0a80134;
/Marketocracy/bin/fptool invalidateFund 8b2c1d94445a2b94c0a80132;
/Marketocracy/bin/fptool invalidateFund 959332504273737ac0a80134;
/Marketocracy/bin/fptool invalidateFund 961d3d063dec9e7ec0a80132;
/Marketocracy/bin/fptool invalidateFund 965448ca3a50c33cc0a80119;
/Marketocracy/bin/fptool invalidateFund 9b8042833a2b2c14c0a80118;
/Marketocracy/bin/fptool invalidateFund b3385d513a85931bc0a801e1;
/Marketocracy/bin/fptool invalidateFund b3bb0faf3dce89ddc0a80135;
/Marketocracy/bin/fptool invalidateFund bf28186b3ae5acdcc0a80118;
/Marketocracy/bin/fptool invalidateFund bf9b42fc3bf027a5c0a80119;
/Marketocracy/bin/fptool invalidateFund ca5e206c3a2b2c9fc0a80118;
/Marketocracy/bin/fptool invalidateFund cd880b3042827ab7c0a80133;
/Marketocracy/bin/fptool invalidateFund cfcb4faf4547a380c0a80132;
/Marketocracy/bin/fptool invalidateFund dca969513a25ddd1c0a801e1;
/Marketocracy/bin/fptool invalidateFund dece43423a258d84c0a801e1;
/Marketocracy/bin/fptool invalidateFund e2cb43423a258f6cc0a801e1;
/Marketocracy/bin/fptool invalidateFund e3302fd44022bbe9c0a80133;
/Marketocracy/bin/fptool invalidateFund eaf24cb73a396e0cc0a801e0;
/Marketocracy/bin/fptool invalidateFund f088069139c4fe0ac0a80151;
/Marketocracy/bin/fptool invalidateFund f6b906113f9de603c0a80133;
/Marketocracy/bin/fptool invalidateFund fee62945423e33d6c0a80132;