/Marketocracy/bin/fptool invalidateFund 00f055f842551383c0a80132;
/Marketocracy/bin/fptool invalidateFund 010956d13aca8bbbc0a80119;
/Marketocracy/bin/fptool invalidateFund 018238653a9e338ec0a801e0;
/Marketocracy/bin/fptool invalidateFund 01c475193a2bf369c0a80119;
/Marketocracy/bin/fptool invalidateFund 02166e04409ec742c0a80133;
/Marketocracy/bin/fptool invalidateFund 023171c83d21beb3c0a801e0;
/Marketocracy/bin/fptool invalidateFund 02c71f19426ace62c0a80132;
/Marketocracy/bin/fptool invalidateFund 033d68f441642d41c0a80133;
/Marketocracy/bin/fptool invalidateFund 035f08503a1c7630c0a80118;
/Marketocracy/bin/fptool invalidateFund 03726a9f41cb0af3c0a80133;
/Marketocracy/bin/fptool invalidateFund 039d5a4441f41097c0a80134;
/Marketocracy/bin/fptool invalidateFund 03c06ebf3cff306ec0a80118;
/Marketocracy/bin/fptool invalidateFund 05354a5c3a199359c0a80118;
/Marketocracy/bin/fptool invalidateFund 05830f223dda6600c0a80134;
/Marketocracy/bin/fptool invalidateFund 05b55c633e0f7ae3c0a80135;
/Marketocracy/bin/fptool invalidateFund 063c2a953e875cdbc0a80132;
/Marketocracy/bin/fptool invalidateFund 06b7021a425eb860c0a80133;
/Marketocracy/bin/fptool invalidateFund 071b123a3a51daf3c0a801e1;
/Marketocracy/bin/fptool invalidateFund 072230733a4aabf5c0a801e1;
/Marketocracy/bin/fptool invalidateFund 07a1269c4061e9deffffffff;
/Marketocracy/bin/fptool invalidateFund 07d307f13d5bff16c0a80119;
/Marketocracy/bin/fptool invalidateFund 088f461a3cab15a6c0a801e1;
/Marketocracy/bin/fptool invalidateFund 091a3b8c3990d479c0a80118;
/Marketocracy/bin/fptool invalidateFund 091b59de39964da7c0a801e0;
/Marketocracy/bin/fptool invalidateFund 09205d5e3d3d5770c0a80118;
/Marketocracy/bin/fptool invalidateFund 095c1e9842d17ce3c0a80133;
/Marketocracy/bin/fptool invalidateFund 09695d4a3d3f6917c0a80118;
/Marketocracy/bin/fptool invalidateFund 099c25f93fe8a7e0c0a80134;
/Marketocracy/bin/fptool invalidateFund 09f665e83e3ef837c0a80132;
/Marketocracy/bin/fptool invalidateFund 0a365efb3d0552d6c0a801e0;
/Marketocracy/bin/fptool invalidateFund 0a4701783d34de88c0a80118;
/Marketocracy/bin/fptool invalidateFund 0a5659de39964e6ec0a801e0;
/Marketocracy/bin/fptool invalidateFund 0a6e629c399c2c8bc0a80118;
/Marketocracy/bin/fptool invalidateFund 0b55026039c25bb7c0a80151;
/Marketocracy/bin/fptool invalidateFund 0b583da23e51670cc0a80133;
/Marketocracy/bin/fptool invalidateFund 0bfd381c416c5d4dc0a80134;
/Marketocracy/bin/fptool invalidateFund 0c3155ce3fbeb9c3c0a80134;
/Marketocracy/bin/fptool invalidateFund 0d076fc242eaf62fc0a8013c;
/Marketocracy/bin/fptool invalidateFund 0d114d953e4a729dc0a80132;
/Marketocracy/bin/fptool invalidateFund 0d7b21b03a97bc00c0a801e1;
/Marketocracy/bin/fptool invalidateFund 0dc9032f420a77efc0a80132;
/Marketocracy/bin/fptool invalidateFund 0e3b6a943f833881c0a80134;
/Marketocracy/bin/fptool invalidateFund 0e986acb3a1c6ecac0a801e0;
/Marketocracy/bin/fptool invalidateFund 0e9c5ba740d82a13c0a80134;
/Marketocracy/bin/fptool invalidateFund 0eb64a733bbdfaebc0a80118;
/Marketocracy/bin/fptool invalidateFund 0f3b61a4426e7340c0a80132;
/Marketocracy/bin/fptool invalidateFund 0f562d9f41fbdf36c0a80134;
/Marketocracy/bin/fptool invalidateFund 0f7201333e4a6419c0a80134;
/Marketocracy/bin/fptool invalidateFund 0f9f278f3c53219cc0a801e0;
/Marketocracy/bin/fptool invalidateFund 106a632e41ee6fd2c0a80132;
/Marketocracy/bin/fptool invalidateFund 10ac66743d8641e0c0a801e0;
/Marketocracy/bin/fptool invalidateFund 10d327b13a1c7e95c0a801e1;
/Marketocracy/bin/fptool invalidateFund 113c033b4161c91ec0a80132;
/Marketocracy/bin/fptool invalidateFund 1140517d3b8bf867c0a801e1;
/Marketocracy/bin/fptool invalidateFund 117b043042af2a81c0a80133;
/Marketocracy/bin/fptool invalidateFund 11c507e03f0cac6fc0a80132;
/Marketocracy/bin/fptool invalidateFund 11db2951417d8e69c0a80133;
/Marketocracy/bin/fptool invalidateFund 12de475d3aae858dc0a80118;
/Marketocracy/bin/fptool invalidateFund 12f45de13ba8b0a4c0a801e0;
/Marketocracy/bin/fptool invalidateFund 13b7472739d657dcc0a80118;
/Marketocracy/bin/fptool invalidateFund 13df3f024269b541c0a80132;
/Marketocracy/bin/fptool invalidateFund 144063c43dac6adcc0a80132;
/Marketocracy/bin/fptool invalidateFund 145622e33d416eddc0a80119;
/Marketocracy/bin/fptool invalidateFund 148c27fc3a25b42cc0a80118;
/Marketocracy/bin/fptool invalidateFund 14972ca33f6687b6c0a80132;
/Marketocracy/bin/fptool invalidateFund 14b92d214201993cc0a80134;
/Marketocracy/bin/fptool invalidateFund 14ba29ad39fc4368c0a801e1;
/Marketocracy/bin/fptool invalidateFund 14d355183cbb8b24c0a80118;
/Marketocracy/bin/fptool invalidateFund 15011ecc40a505bbc0a80133;
/Marketocracy/bin/fptool invalidateFund 15475bde4081e9ddffffffff;
/Marketocracy/bin/fptool invalidateFund 157b52cb42acc740c0a80133;
/Marketocracy/bin/fptool invalidateFund 15bb5a68428bcd22c0a80134;
/Marketocracy/bin/fptool invalidateFund 15d7656a3d3da146c0a80119;
/Marketocracy/bin/fptool invalidateFund 15f006c43d37ab47c0a801e0;
/Marketocracy/bin/fptool invalidateFund 1657724e417ce415c0a80134;
/Marketocracy/bin/fptool invalidateFund 16be0caf424c5972c0a80132;
/Marketocracy/bin/fptool invalidateFund 16e717cd3f0c4ec2c0a80132;
/Marketocracy/bin/fptool invalidateFund 17582c1b39a6b1fbc0a801e0;
/Marketocracy/bin/fptool invalidateFund 17715a573a195f52c0a801e0;
/Marketocracy/bin/fptool invalidateFund 17ad685342d66ebbc0a80133;
/Marketocracy/bin/fptool invalidateFund 17ea40af412bac0cc0a80133;
/Marketocracy/bin/fptool invalidateFund 18582af53e459202c0a80135;
/Marketocracy/bin/fptool invalidateFund 191f38be3a0ae0e2c0a801e1;
/Marketocracy/bin/fptool invalidateFund 1961362242c187e7c0a80133;
/Marketocracy/bin/fptool invalidateFund 1a4f2c2142c4c2c0c0a80133;
/Marketocracy/bin/fptool invalidateFund 1a6b14f44294c715c0a80133;
/Marketocracy/bin/fptool invalidateFund 1a7d1add3dcfc43fc0a80132;
/Marketocracy/bin/fptool invalidateFund 1abd4e2941e9e597c0a80133;
/Marketocracy/bin/fptool invalidateFund 1b0e28213a315b01c0a801e1;
/Marketocracy/bin/fptool invalidateFund 1b115c1b3c7d843ec0a801e1;
/Marketocracy/bin/fptool invalidateFund 1b5d48a8402431f7c0a80132;
/Marketocracy/bin/fptool invalidateFund 1bd4731b42eaf870c0a8013c;
/Marketocracy/bin/fptool invalidateFund 1bdc6bd43cebdc6dc0a801e1;
/Marketocracy/bin/fptool invalidateFund 1c7c23a739d7c1cbc0a80119;
/Marketocracy/bin/fptool invalidateFund 1ce2350a3ece35b8c0a80132;
/Marketocracy/bin/fptool invalidateFund 1d0857bc39ce5df7c0a80118;
/Marketocracy/bin/fptool invalidateFund 1d620caf424c5b05c0a80132;
/Marketocracy/bin/fptool invalidateFund 1dab68963cf59138c0a80118;
/Marketocracy/bin/fptool invalidateFund 1dc33c9b3dbddcb7c0a80133;
/Marketocracy/bin/fptool invalidateFund 1de451a9401ea322c0a80132;
/Marketocracy/bin/fptool invalidateFund 1efd61693eb5163cc0a80133;
/Marketocracy/bin/fptool invalidateFund 1f5643933cf0ede3c0a801e1;
/Marketocracy/bin/fptool invalidateFund 201114773c14dea3c0a801e1;
/Marketocracy/bin/fptool invalidateFund 202c0be54204db62c0a80132;
/Marketocracy/bin/fptool invalidateFund 21426e173bcb2da0c0a80119;
/Marketocracy/bin/fptool invalidateFund 21c422a03c9ec50bc0a80118;
/Marketocracy/bin/fptool invalidateFund 21c848d33f1868fec0a80133;
/Marketocracy/bin/fptool invalidateFund 21d168f43a7f83e0c0a801e0;
/Marketocracy/bin/fptool invalidateFund 221041c43d2e9b77c0a801e2;
/Marketocracy/bin/fptool invalidateFund 22c449f73cd2a012c0a80118;
/Marketocracy/bin/fptool invalidateFund 232c033b41a222f6c0a80134;
/Marketocracy/bin/fptool invalidateFund 238c41fb3c1b8e64c0a80118;
/Marketocracy/bin/fptool invalidateFund 23ac39ab3f6b9f1ec0a80132;
/Marketocracy/bin/fptool invalidateFund 23c8031841a2a257c0a80133;
/Marketocracy/bin/fptool invalidateFund 23c82c2142c4c591c0a80133;
/Marketocracy/bin/fptool invalidateFund 23d42ceb39913b64c0a80119;
/Marketocracy/bin/fptool invalidateFund 2439066f40098cdac0a80132;
/Marketocracy/bin/fptool invalidateFund 247c100b42cc1391c0a80132;
/Marketocracy/bin/fptool invalidateFund 250c6c9741f3200bc0a80133;
/Marketocracy/bin/fptool invalidateFund 2536323d3daaf73dc0a80133;
/Marketocracy/bin/fptool invalidateFund 256d03843abf8866c0a801e1;
/Marketocracy/bin/fptool invalidateFund 25fb2aff3d5d44eac0a801e2;
/Marketocracy/bin/fptool invalidateFund 261050d241ebef0bc0a80133;
/Marketocracy/bin/fptool invalidateFund 264022293e4c31a8c0a80133;
/Marketocracy/bin/fptool invalidateFund 266d2b3f3d7121c4c0a80119;
/Marketocracy/bin/fptool invalidateFund 26ab2e8842d54967c0a80133;
/Marketocracy/bin/fptool invalidateFund 27495dbc4073474cffffffff;
/Marketocracy/bin/fptool invalidateFund 274f50613afd8716c0a801e0;
/Marketocracy/bin/fptool invalidateFund 27c013f23d41b828c0a801e2;
/Marketocracy/bin/fptool invalidateFund 287159b341f98ac0c0a80133;
/Marketocracy/bin/fptool invalidateFund 288e2aab3ff51763c0a80133;
/Marketocracy/bin/fptool invalidateFund 291372a73e3ec970c0a80133;
/Marketocracy/bin/fptool invalidateFund 291374984238bc36c0a80132;
/Marketocracy/bin/fptool invalidateFund 298756f73c48f5ccc0a80118;
/Marketocracy/bin/fptool invalidateFund 29db35773e36dc3ac0a80132;
/Marketocracy/bin/fptool invalidateFund 2a2727413ea04c43c0a80132;
/Marketocracy/bin/fptool invalidateFund 2a2b64f83bc289e0c0a80119;
/Marketocracy/bin/fptool invalidateFund 2aae22783d2af2dac0a80118;
/Marketocracy/bin/fptool invalidateFund 2aec063e3a7530dcc0a80119;
/Marketocracy/bin/fptool invalidateFund 2b075a363e60b18dc0a80133;
/Marketocracy/bin/fptool invalidateFund 2b8e4b783f64c329c0a80132;
/Marketocracy/bin/fptool invalidateFund 2b9835493f71665fc0a80134;
/Marketocracy/bin/fptool invalidateFund 2b984dea3f364170c0a80134;
/Marketocracy/bin/fptool invalidateFund 2bba5dad3d97b0e0c0a80135;
/Marketocracy/bin/fptool invalidateFund 2bbe2ed83eea0f47c0a80133;
/Marketocracy/bin/fptool invalidateFund 2c46120b3a3a5588c0a80118;
/Marketocracy/bin/fptool invalidateFund 2cce33843e743608c0a80132;
/Marketocracy/bin/fptool invalidateFund 2d0066ea40356ecac0a80133;
/Marketocracy/bin/fptool invalidateFund 2d1f4ff23b698056c0a80119;
/Marketocracy/bin/fptool invalidateFund 2d6607ad3a37e172c0a801e1;
/Marketocracy/bin/fptool invalidateFund 2da21fba42de5cfcc0a80132;
/Marketocracy/bin/fptool invalidateFund 2dc10811406d829dffffffff;
/Marketocracy/bin/fptool invalidateFund 2ef934803bc4e6adc0a80118;
/Marketocracy/bin/fptool invalidateFund 2f4035fb42540ecac0a80133;
/Marketocracy/bin/fptool invalidateFund 2fce63ec3c72a202c0a801e1;
/Marketocracy/bin/fptool invalidateFund 2fd174c3426d065dc0a80132;
/Marketocracy/bin/fptool invalidateFund 300004f6409f2386c0a80134;
/Marketocracy/bin/fptool invalidateFund 30450f6d4269704cc0a80132;
/Marketocracy/bin/fptool invalidateFund 305165634220c732c0a80133;
/Marketocracy/bin/fptool invalidateFund 3069024c3a7c00e5c0a80118;
/Marketocracy/bin/fptool invalidateFund 30f545ec3a4c1d41c0a80118;
/Marketocracy/bin/fptool invalidateFund 317b2951417d8f0bc0a80133;
/Marketocracy/bin/fptool invalidateFund 31b550fc425578e2c0a80132;
/Marketocracy/bin/fptool invalidateFund 31e037a03a1e89b2c0a801e1;
/Marketocracy/bin/fptool invalidateFund 31e2298539f1dd01c0a80119;
/Marketocracy/bin/fptool invalidateFund 32273a323d6c66fac0a80118;
/Marketocracy/bin/fptool invalidateFund 32522210424588b6c0a80132;
/Marketocracy/bin/fptool invalidateFund 325609193e3e9fbbc0a80135;
/Marketocracy/bin/fptool invalidateFund 325c46ca3c794f3ec0a801e1;
/Marketocracy/bin/fptool invalidateFund 33600bb13faebd94c0a80134;
/Marketocracy/bin/fptool invalidateFund 340738b23d8f6fe9c0a80135;
/Marketocracy/bin/fptool invalidateFund 341310d43d5c8639c0a80118;
/Marketocracy/bin/fptool invalidateFund 34992cc04202e925c0a80132;
/Marketocracy/bin/fptool invalidateFund 35040356401953c1c0a80134;
/Marketocracy/bin/fptool invalidateFund 350d5ecf3e313960c0a80133;
/Marketocracy/bin/fptool invalidateFund 35303fdc3cf4b5cec0a801e0;
/Marketocracy/bin/fptool invalidateFund 353749f23d3963dac0a80119;
/Marketocracy/bin/fptool invalidateFund 35484ff23b698103c0a80119;
/Marketocracy/bin/fptool invalidateFund 3587291942d71d05c0a80132;
/Marketocracy/bin/fptool invalidateFund 35b842ec41644d89c0a80134;
/Marketocracy/bin/fptool invalidateFund 35f96b463a1eb16ac0a80118;
/Marketocracy/bin/fptool invalidateFund 361c31314129bbfbc0a80132;
/Marketocracy/bin/fptool invalidateFund 369c0d36428cfcc7c0a80134;
/Marketocracy/bin/fptool invalidateFund 36c439663b4e19cac0a801e0;
/Marketocracy/bin/fptool invalidateFund 371c01b33f73c1c3c0a80132;
/Marketocracy/bin/fptool invalidateFund 37694f1739ef4acdc0a80118;
/Marketocracy/bin/fptool invalidateFund 37811e95421e3900c0a80132;
/Marketocracy/bin/fptool invalidateFund 37e33bd93b5a6f1dc0a80119;
/Marketocracy/bin/fptool invalidateFund 38655c0e410a8076c0a80134;
/Marketocracy/bin/fptool invalidateFund 391a40e142c184fbc0a80132;
/Marketocracy/bin/fptool invalidateFund 392937bd3bcb41b8c0a80119;
/Marketocracy/bin/fptool invalidateFund 392a253c3bb53f36c0a801e0;
/Marketocracy/bin/fptool invalidateFund 394139b1399cd4abc0a80119;
/Marketocracy/bin/fptool invalidateFund 39703d203e36a486c0a80135;
/Marketocracy/bin/fptool invalidateFund 39c856073b1cc185c0a80118;
/Marketocracy/bin/fptool invalidateFund 3ac425de42cd33d8c0a80133;
/Marketocracy/bin/fptool invalidateFund 3ac531623c0c3b41c0a80119;
/Marketocracy/bin/fptool invalidateFund 3b45080e417d6412c0a80133;
/Marketocracy/bin/fptool invalidateFund 3b5610923ec64eb6c0a80132;
/Marketocracy/bin/fptool invalidateFund 3bd45d6442a5bdf8c0a80132;
/Marketocracy/bin/fptool invalidateFund 3c0557d44241c19dc0a80132;
/Marketocracy/bin/fptool invalidateFund 3c0e32cb3b706255c0a80118;
/Marketocracy/bin/fptool invalidateFund 3c3e642a41127d50c0a80134;
/Marketocracy/bin/fptool invalidateFund 3cb50a35424efaefc0a80132;
/Marketocracy/bin/fptool invalidateFund 3cd13a603ee918d5c0a80132;
/Marketocracy/bin/fptool invalidateFund 3cfe15cd3ac61f96c0a80119;
/Marketocracy/bin/fptool invalidateFund 3d2516483d275906c0a801e0;
/Marketocracy/bin/fptool invalidateFund 3d66628b3d3eecafc0a80119;
/Marketocracy/bin/fptool invalidateFund 3def71fd4156625cc0a80133;
/Marketocracy/bin/fptool invalidateFund 3f1074c640031fcac0a80132;
/Marketocracy/bin/fptool invalidateFund 3f46022b3a00af4ec0a80118;
/Marketocracy/bin/fptool invalidateFund 3fbb413540211cc1c0a80134;
/Marketocracy/bin/fptool invalidateFund 4016630b41dc5b16c0a80133;
/Marketocracy/bin/fptool invalidateFund 402a147a3b539294c0a801e0;
/Marketocracy/bin/fptool invalidateFund 40f12c853e63683fc0a80132;
/Marketocracy/bin/fptool invalidateFund 410e5d4d3d3eeca7c0a80118;
/Marketocracy/bin/fptool invalidateFund 41526a9c3a14166fc0a80119;
/Marketocracy/bin/fptool invalidateFund 41792ccb39e4dad7c0a80118;
/Marketocracy/bin/fptool invalidateFund 422343de3d516bc5c0a80119;
/Marketocracy/bin/fptool invalidateFund 42a4422e3df8f81ec0a80134;
/Marketocracy/bin/fptool invalidateFund 42d9145b3a7639f6c0a801e0;
/Marketocracy/bin/fptool invalidateFund 44644e2a3c921a1fc0a80119;
/Marketocracy/bin/fptool invalidateFund 446e592f42af27b6c0a80134;
/Marketocracy/bin/fptool invalidateFund 44a21b6b428df9adc0a80132;
/Marketocracy/bin/fptool invalidateFund 44c411563a166529c0a80118;
/Marketocracy/bin/fptool invalidateFund 44fa6b663bc2c294c0a801e0;
/Marketocracy/bin/fptool invalidateFund 45001bce3e39b705c0a80132;
/Marketocracy/bin/fptool invalidateFund 455a5d373c7a65e9c0a80119;
/Marketocracy/bin/fptool invalidateFund 4575240a411cf8e3c0a80134;
/Marketocracy/bin/fptool invalidateFund 45b5033041de9618c0a80134;
/Marketocracy/bin/fptool invalidateFund 46332f3f3a3e5435c0a801e1;
/Marketocracy/bin/fptool invalidateFund 464e2be539a971b2c0a801e1;
/Marketocracy/bin/fptool invalidateFund 4689150239db6f15c0a80119;
/Marketocracy/bin/fptool invalidateFund 468c05843e3dc8f4c0a80135;
/Marketocracy/bin/fptool invalidateFund 471f59b73a0384ddc0a80118;
/Marketocracy/bin/fptool invalidateFund 47775b7a3e34bf66c0a80135;
/Marketocracy/bin/fptool invalidateFund 478e2c483a9b358ac0a80118;
/Marketocracy/bin/fptool invalidateFund 4794642f3bd5bc96c0a80118;
/Marketocracy/bin/fptool invalidateFund 47d9612c3b16a6e9c0a801e1;
/Marketocracy/bin/fptool invalidateFund 47dc44e93bba4ce4c0a801e0;
/Marketocracy/bin/fptool invalidateFund 47ea2be13eab2966c0a80132;
/Marketocracy/bin/fptool invalidateFund 48511b2c3ef85b15c0a80133;
/Marketocracy/bin/fptool invalidateFund 485e62883ffb2b0ec0a80133;
/Marketocracy/bin/fptool invalidateFund 48c86e70425462fdc0a80133;
/Marketocracy/bin/fptool invalidateFund 48ea36ad40720916ffffffff;
/Marketocracy/bin/fptool invalidateFund 497f237c3c94e77dc0a801e0;
/Marketocracy/bin/fptool invalidateFund 49d03f7141efbfcac0a80132;
/Marketocracy/bin/fptool invalidateFund 4a575d373c7a663dc0a80119;
/Marketocracy/bin/fptool invalidateFund 4a595d373c7a6651c0a80119;
/Marketocracy/bin/fptool invalidateFund 4ac02e8842d54e97c0a80133;
/Marketocracy/bin/fptool invalidateFund 4b5255d139a229ccc0a801e1;
/Marketocracy/bin/fptool invalidateFund 4c526f113ff487dcc0a80132;
/Marketocracy/bin/fptool invalidateFund 4c9024283eb47c4ac0a80133;
/Marketocracy/bin/fptool invalidateFund 4ca4103941e4098dc0a80132;
/Marketocracy/bin/fptool invalidateFund 4d994cc13e601578c0a80135;
/Marketocracy/bin/fptool invalidateFund 4dc20edf3a231921c0a80119;
/Marketocracy/bin/fptool invalidateFund 4e123de2399ee876c0a801e0;
/Marketocracy/bin/fptool invalidateFund 4e1d0f6742684a8cc0a80133;
/Marketocracy/bin/fptool invalidateFund 4e8303c13e3716d3c0a80134;
/Marketocracy/bin/fptool invalidateFund 4eaf2f793e92252fc0a80133;
/Marketocracy/bin/fptool invalidateFund 4f8859673e6e783ec0a80134;
/Marketocracy/bin/fptool invalidateFund 4fe4031541ed2ca9c0a80132;
/Marketocracy/bin/fptool invalidateFund 505a3cc941ce64afc0a80133;
/Marketocracy/bin/fptool invalidateFund 508300993c6c0a16c0a801e0;
/Marketocracy/bin/fptool invalidateFund 50c83ce44225ea68c0a80134;
/Marketocracy/bin/fptool invalidateFund 50cf15673f5b5fb4c0a80132;
/Marketocracy/bin/fptool invalidateFund 510f6fbe39a13a63c0a801e0;
/Marketocracy/bin/fptool invalidateFund 517324c1401a7378c0a80132;
/Marketocracy/bin/fptool invalidateFund 519637f83ceb9f5dc0a80119;
/Marketocracy/bin/fptool invalidateFund 51bf41723f677be4c0a80132;
/Marketocracy/bin/fptool invalidateFund 51e970783bc79c14c0a80119;
/Marketocracy/bin/fptool invalidateFund 520966883f841573c0a80132;
/Marketocracy/bin/fptool invalidateFund 521070783bc79e53c0a80119;
/Marketocracy/bin/fptool invalidateFund 52422e4b42a7e7e7c0a80133;
/Marketocracy/bin/fptool invalidateFund 52e16e543d05d89dc0a801e1;
/Marketocracy/bin/fptool invalidateFund 532c68623bc6b789c0a801e0;
/Marketocracy/bin/fptool invalidateFund 532f28263bccbcfcc0a80119;
/Marketocracy/bin/fptool invalidateFund 537d35f93c925dc9c0a80118;
/Marketocracy/bin/fptool invalidateFund 53971b4f3d773e7cc0a801e2;
/Marketocracy/bin/fptool invalidateFund 53ac06223a5169acc0a801e1;
/Marketocracy/bin/fptool invalidateFund 53bd0d6d39980613c0a80151;
/Marketocracy/bin/fptool invalidateFund 54326ccb41fff96dc0a80132;
/Marketocracy/bin/fptool invalidateFund 55352a7b3e8f6a0fc0a80134;
/Marketocracy/bin/fptool invalidateFund 55d1043939ae5a53c0a80151;
/Marketocracy/bin/fptool invalidateFund 55e33fef3fa94c94c0a80132;
/Marketocracy/bin/fptool invalidateFund 560432133abe1675c0a80119;
/Marketocracy/bin/fptool invalidateFund 5630126f4220ad9fc0a80132;
/Marketocracy/bin/fptool invalidateFund 56486615397550d6c0a801e1;
/Marketocracy/bin/fptool invalidateFund 56536f2040279552c0a80134;
/Marketocracy/bin/fptool invalidateFund 565915673f5b657cc0a80132;
/Marketocracy/bin/fptool invalidateFund 565d26b440770f19ffffffff;
/Marketocracy/bin/fptool invalidateFund 570718b341d55fa1c0a80134;
/Marketocracy/bin/fptool invalidateFund 57661e0d39fb2fadc0a80118;
/Marketocracy/bin/fptool invalidateFund 57ae440c39fe1426c0a80118;
/Marketocracy/bin/fptool invalidateFund 58446ba23975b107c0a801e0;
/Marketocracy/bin/fptool invalidateFund 58cb253a39f5934ec0a801e1;
/Marketocracy/bin/fptool invalidateFund 592c46f839a521d9c0a801e0;
/Marketocracy/bin/fptool invalidateFund 599d2285419d10d0c0a80132;
/Marketocracy/bin/fptool invalidateFund 59cb04de3bb8e383c0a80118;
/Marketocracy/bin/fptool invalidateFund 59d019f63a337d48c0a80118;
/Marketocracy/bin/fptool invalidateFund 5b682f9b4016d620c0a80133;
/Marketocracy/bin/fptool invalidateFund 5c1304de3bb8e933c0a80118;
/Marketocracy/bin/fptool invalidateFund 5c4a356e40d2d7c4c0a80133;
/Marketocracy/bin/fptool invalidateFund 5c5a0ab33c87c6fbc0a80118;
/Marketocracy/bin/fptool invalidateFund 5c6953c73da17f02c0a80133;
/Marketocracy/bin/fptool invalidateFund 5c8d1c5c3eef64e8c0a80134;
/Marketocracy/bin/fptool invalidateFund 5dc60f37422cd114c0a80133;
/Marketocracy/bin/fptool invalidateFund 5dde546e422de5f5c0a80132;
/Marketocracy/bin/fptool invalidateFund 5e093edf3c975b1fc0a80118;
/Marketocracy/bin/fptool invalidateFund 5e6248eb41fa4a83c0a80133;
/Marketocracy/bin/fptool invalidateFund 5f336ab93ae8e5aac0a80118;
/Marketocracy/bin/fptool invalidateFund 5f4b73823be4b2d2c0a801e0;
/Marketocracy/bin/fptool invalidateFund 5f5c56eb3b6c729ac0a80118;
/Marketocracy/bin/fptool invalidateFund 5f882e64403ddd1dc0a80134;
/Marketocracy/bin/fptool invalidateFund 5fca50a43a76ab73c0a80119;
/Marketocracy/bin/fptool invalidateFund 600d30693bb07a69c0a801e0;
/Marketocracy/bin/fptool invalidateFund 603e12fd3a19c152c0a80119;
/Marketocracy/bin/fptool invalidateFund 605922ad406ae2eeffffffff;
/Marketocracy/bin/fptool invalidateFund 61082951417d8937c0a80133;
/Marketocracy/bin/fptool invalidateFund 61450d9942b051dfc0a80134;
/Marketocracy/bin/fptool invalidateFund 619904973f307119c0a80134;
/Marketocracy/bin/fptool invalidateFund 619f224641730e59c0a80133;
/Marketocracy/bin/fptool invalidateFund 61a750d83b740f18c0a801e1;
/Marketocracy/bin/fptool invalidateFund 61c75aeb41e0f346c0a80134;
/Marketocracy/bin/fptool invalidateFund 61fa338e418a7e02c0a80133;
/Marketocracy/bin/fptool invalidateFund 62670e5240646664ffffffff;
/Marketocracy/bin/fptool invalidateFund 62cc16083fff0826c0a80134;
/Marketocracy/bin/fptool invalidateFund 633223c7400186f5c0a80134;
/Marketocracy/bin/fptool invalidateFund 639703813a410a18c0a80119;
/Marketocracy/bin/fptool invalidateFund 63b201f23c68550cc0a801e0;
/Marketocracy/bin/fptool invalidateFund 643e3fd041fee491c0a80132;
/Marketocracy/bin/fptool invalidateFund 6470091a3f996ae7c0a80132;
/Marketocracy/bin/fptool invalidateFund 647563ea3fac0874c0a80134;
/Marketocracy/bin/fptool invalidateFund 64c031623d53c9eec0a80118;
/Marketocracy/bin/fptool invalidateFund 64f45cd739faea63c0a801e0;
/Marketocracy/bin/fptool invalidateFund 65212928422c5ecbc0a80132;
/Marketocracy/bin/fptool invalidateFund 657f526d420019dec0a80132;
/Marketocracy/bin/fptool invalidateFund 65a550653e78cf6dc0a80134;
/Marketocracy/bin/fptool invalidateFund 65de29b64065232cffffffff;
/Marketocracy/bin/fptool invalidateFund 65e33c9c3acf9e7dc0a801e0;
/Marketocracy/bin/fptool invalidateFund 66073de9418aa357c0a8013c;
/Marketocracy/bin/fptool invalidateFund 6654442e3a0acd80c0a801e1;
/Marketocracy/bin/fptool invalidateFund 666748ed40324e74c0a80133;
/Marketocracy/bin/fptool invalidateFund 6750697a3a27c134c0a80118;
/Marketocracy/bin/fptool invalidateFund 679844663f6de259c0a80134;
/Marketocracy/bin/fptool invalidateFund 67f3677b3d3c5687c0a80118;
/Marketocracy/bin/fptool invalidateFund 682727ee41f7d2cfc0a80133;
/Marketocracy/bin/fptool invalidateFund 682b29b33ff871a2c0a80134;
/Marketocracy/bin/fptool invalidateFund 68433fef3fa94fe3c0a80132;
/Marketocracy/bin/fptool invalidateFund 685338c640b4e61fc0a80133;
/Marketocracy/bin/fptool invalidateFund 686f535342d577c7c0a80132;
/Marketocracy/bin/fptool invalidateFund 68b24d0e39e71762c0a80118;
/Marketocracy/bin/fptool invalidateFund 6909564d3e5e83fdc0a80133;
/Marketocracy/bin/fptool invalidateFund 69586035422a78b8c0a80132;
/Marketocracy/bin/fptool invalidateFund 698121184148973ac0a8013c;
/Marketocracy/bin/fptool invalidateFund 699622da3b562374c0a80119;
/Marketocracy/bin/fptool invalidateFund 6a0363183c20b34ec0a80118;
/Marketocracy/bin/fptool invalidateFund 6a980d8339c56205c0a801e0;
/Marketocracy/bin/fptool invalidateFund 6b9f68bd424cdb08c0a80134;
/Marketocracy/bin/fptool invalidateFund 6ba574ee419507e9c0a80132;
/Marketocracy/bin/fptool invalidateFund 6ba956503a7505c7c0a80119;
/Marketocracy/bin/fptool invalidateFund 6bb41fad41ae8799c0a80133;
/Marketocracy/bin/fptool invalidateFund 6bfb57fc405905d7c0a80133;
/Marketocracy/bin/fptool invalidateFund 6c157509397c884ac0a80119;
/Marketocracy/bin/fptool invalidateFund 6c1851904078e6c0ffffffff;
/Marketocracy/bin/fptool invalidateFund 6c4f12433da7e019c0a80132;
/Marketocracy/bin/fptool invalidateFund 6cac12473af63b82c0a80118;
/Marketocracy/bin/fptool invalidateFund 6cd156cf424b8f0ec0a80134;
/Marketocracy/bin/fptool invalidateFund 6e0b337a41767927c0a80132;
/Marketocracy/bin/fptool invalidateFund 6e765e083b28c656c0a801e0;
/Marketocracy/bin/fptool invalidateFund 6ede3cae4047744ac0a80134;
/Marketocracy/bin/fptool invalidateFund 6efe4857398df1b2c0a80118;
/Marketocracy/bin/fptool invalidateFund 6f13392c429e95b2c0a80132;
/Marketocracy/bin/fptool invalidateFund 6f31092e3ce16957c0a80119;
/Marketocracy/bin/fptool invalidateFund 6f4172463a2074bec0a801e0;
/Marketocracy/bin/fptool invalidateFund 702b046d41e43883c0a80133;
/Marketocracy/bin/fptool invalidateFund 713973193d6a4b94c0a80118;
/Marketocracy/bin/fptool invalidateFund 719552ff3e3ef171c0a80132;
/Marketocracy/bin/fptool invalidateFund 71f54e3d3db91ddbc0a80133;
/Marketocracy/bin/fptool invalidateFund 7222139c3e5bcd60c0a80132;
/Marketocracy/bin/fptool invalidateFund 7262697a3a27c453c0a80118;
/Marketocracy/bin/fptool invalidateFund 72aa5ee34071ae2cffffffff;
/Marketocracy/bin/fptool invalidateFund 73d93fcb3a72efc5c0a80119;
/Marketocracy/bin/fptool invalidateFund 742718683e77aa1bc0a80132;
/Marketocracy/bin/fptool invalidateFund 742a52ff3d44f9a1c0a801e2;
/Marketocracy/bin/fptool invalidateFund 751c0fbd3a89dddac0a80119;
/Marketocracy/bin/fptool invalidateFund 755056263e69183dc0a80133;
/Marketocracy/bin/fptool invalidateFund 7564177b41ed1497c0a80133;
/Marketocracy/bin/fptool invalidateFund 75913e06424061f8c0a80132;
/Marketocracy/bin/fptool invalidateFund 75be1f553cd4b493c0a80118;
/Marketocracy/bin/fptool invalidateFund 763e034939c29f41c0a801e1;
/Marketocracy/bin/fptool invalidateFund 76e26f3a3dd740e8c0a80135;
/Marketocracy/bin/fptool invalidateFund 76e7575f3d37e250c0a801e2;
/Marketocracy/bin/fptool invalidateFund 77911b9e3bf53897c0a801e1;
/Marketocracy/bin/fptool invalidateFund 78854c1541372c89c0a80134;
/Marketocracy/bin/fptool invalidateFund 78c443703bb480bec0a80119;
/Marketocracy/bin/fptool invalidateFund 78de2f8a4178f172c0a80134;
/Marketocracy/bin/fptool invalidateFund 790b466f3b5ebdf5c0a80118;
/Marketocracy/bin/fptool invalidateFund 79413bec3acd2873c0a80118;
/Marketocracy/bin/fptool invalidateFund 795514ec3a517097c0a801e0;
/Marketocracy/bin/fptool invalidateFund 7a007458399d1dc3c0a80119;
/Marketocracy/bin/fptool invalidateFund 7b1c344b3c975a86c0a80119;
/Marketocracy/bin/fptool invalidateFund 7bb3158342d42609c0a80132;
/Marketocracy/bin/fptool invalidateFund 7bc16f5b39e620a4c0a80118;
/Marketocracy/bin/fptool invalidateFund 7c4f3f433f32338bc0a80132;
/Marketocracy/bin/fptool invalidateFund 7c723335422ecc67c0a80132;
/Marketocracy/bin/fptool invalidateFund 7ca0305541fe5649c0a80134;
/Marketocracy/bin/fptool invalidateFund 7cb663a63ec179f0c0a80133;
/Marketocracy/bin/fptool invalidateFund 7cd70313423cff32c0a80134;
/Marketocracy/bin/fptool invalidateFund 7d0903d83ff9d500c0a80134;
/Marketocracy/bin/fptool invalidateFund 7d14051c39cffd76c0a80119;
/Marketocracy/bin/fptool invalidateFund 7d5530263c0d4a46c0a80118;
/Marketocracy/bin/fptool invalidateFund 7dbf32923bcd65cfc0a801e1;
/Marketocracy/bin/fptool invalidateFund 7ddd15153c922d98c0a80118;
/Marketocracy/bin/fptool invalidateFund 7f2f35263f452762c0a80132;
/Marketocracy/bin/fptool invalidateFund 7f404e513a423709c0a80118;
/Marketocracy/bin/fptool invalidateFund 7f7746ee39edec2dc0a80119;
/Marketocracy/bin/fptool invalidateFund 7f8602663b63607ac0a801e1;
/Marketocracy/bin/fptool invalidateFund 7fad037d3e3ae45cc0a80133;
/Marketocracy/bin/fptool invalidateFund 7fbb46893a09b20cc0a801e1;
/Marketocracy/bin/fptool invalidateFund 80160bf33e4bc832c0a80135;
/Marketocracy/bin/fptool invalidateFund 8038022540473c12c0a80133;
/Marketocracy/bin/fptool invalidateFund 8088337d3e40002ac0a80134;
/Marketocracy/bin/fptool invalidateFund 80973f8539da3b09c0a80118;
/Marketocracy/bin/fptool invalidateFund 80b541b639b3741fc0a801e0;
/Marketocracy/bin/fptool invalidateFund 815d614e3e629d4fc0a80134;
/Marketocracy/bin/fptool invalidateFund 81c8167c3f7461afc0a80133;
/Marketocracy/bin/fptool invalidateFund 825531bb39cbc3bbc0a801e0;
/Marketocracy/bin/fptool invalidateFund 82e0424a3e467f79c0a80133;
/Marketocracy/bin/fptool invalidateFund 83a13f823de7d17bc0a80134;
/Marketocracy/bin/fptool invalidateFund 846a47e73d90d61bc0a80135;
/Marketocracy/bin/fptool invalidateFund 84a636523f1fa1cec0a80133;
/Marketocracy/bin/fptool invalidateFund 84bb1a7f3a1c1fb1c0a80119;
/Marketocracy/bin/fptool invalidateFund 85b2667f41fffc28c0a80132;
/Marketocracy/bin/fptool invalidateFund 85e72b813d2bddc4c0a801e0;
/Marketocracy/bin/fptool invalidateFund 85f305713ea0411ec0a80134;
/Marketocracy/bin/fptool invalidateFund 86061a0f3d62da97c0a801e0;
/Marketocracy/bin/fptool invalidateFund 863705b33a144446c0a80118;
/Marketocracy/bin/fptool invalidateFund 86703fa23d39199dc0a80118;
/Marketocracy/bin/fptool invalidateFund 8746212a414897ddc0a8013c;
/Marketocracy/bin/fptool invalidateFund 878d18da3a952af2c0a80118;
/Marketocracy/bin/fptool invalidateFund 87b0150940bbdd86c0a80132;
/Marketocracy/bin/fptool invalidateFund 87b12ec8421fd604c0a80133;
/Marketocracy/bin/fptool invalidateFund 87b5212a414897dec0a8013c;
/Marketocracy/bin/fptool invalidateFund 87bd137039e4b0d4c0a80118;
/Marketocracy/bin/fptool invalidateFund 87ee6f5d3bd7be88c0a80119;
/Marketocracy/bin/fptool invalidateFund 884b1469422e175bc0a80132;
/Marketocracy/bin/fptool invalidateFund 88645bab3a6cd230c0a80118;
/Marketocracy/bin/fptool invalidateFund 886a06e53a2fb03ec0a80118;
/Marketocracy/bin/fptool invalidateFund 88942d6841825740c0a80134;
/Marketocracy/bin/fptool invalidateFund 88b512133d5816dfc0a80119;
/Marketocracy/bin/fptool invalidateFund 88d75844414ced8fc0a80132;
/Marketocracy/bin/fptool invalidateFund 89290cf2427391ebc0a80132;
/Marketocracy/bin/fptool invalidateFund 899b5ad8424fece1c0a80132;
/Marketocracy/bin/fptool invalidateFund 89c2352c3d6bd165c0a80119;
/Marketocracy/bin/fptool invalidateFund 89ca11323bac4cadc0a80118;
/Marketocracy/bin/fptool invalidateFund 8a48108539ca1841c0a80151;
/Marketocracy/bin/fptool invalidateFund 8ba53f8639da36d8c0a80118;
/Marketocracy/bin/fptool invalidateFund 8bbe0976407d483dffffffff;
/Marketocracy/bin/fptool invalidateFund 8c750c8c3eb69879c0a80133;
/Marketocracy/bin/fptool invalidateFund 8c8962f83a9aa7c4c0a801e0;
/Marketocracy/bin/fptool invalidateFund 8cc42d9d404a208bc0a80132;
/Marketocracy/bin/fptool invalidateFund 8d034d4539da193ac0a80119;
/Marketocracy/bin/fptool invalidateFund 8d2d03683fccb4c8c0a80134;
/Marketocracy/bin/fptool invalidateFund 8d4a32554241ef68c0a80133;
/Marketocracy/bin/fptool invalidateFund 8d9367403d6c6719c0a801e0;
/Marketocracy/bin/fptool invalidateFund 8dc901ae421a3668c0a80133;
/Marketocracy/bin/fptool invalidateFund 8dfd588d3beda463c0a80119;
/Marketocracy/bin/fptool invalidateFund 8e020fb242257e3ac0a80132;
/Marketocracy/bin/fptool invalidateFund 8ed639b239dd00a6c0a80119;
/Marketocracy/bin/fptool invalidateFund 8f23371d418a9ad0c0a8013c;
/Marketocracy/bin/fptool invalidateFund 8f27371d418a9ad1c0a8013c;
/Marketocracy/bin/fptool invalidateFund 8f2b017f42d37f13c0a80133;
/Marketocracy/bin/fptool invalidateFund 8f5164073d6cd01cc0a801e0;
/Marketocracy/bin/fptool invalidateFund 8fb6371d418a9c1fc0a8013c;
/Marketocracy/bin/fptool invalidateFund 8fb82c2142c4cfdfc0a80133;
/Marketocracy/bin/fptool invalidateFund 8fb8371d418a9c1fc0a8013c;
/Marketocracy/bin/fptool invalidateFund 8fba371d418a9c1fc0a8013c;
/Marketocracy/bin/fptool invalidateFund 8fcc34d03d823816c0a80119;
/Marketocracy/bin/fptool invalidateFund 8fee2a603de2c58ac0a80133;
/Marketocracy/bin/fptool invalidateFund 90055dd541a5391ac0a80134;
/Marketocracy/bin/fptool invalidateFund 904d371d418a9cd5c0a8013c;
/Marketocracy/bin/fptool invalidateFund 90941c924093ef51c0a80132;
/Marketocracy/bin/fptool invalidateFund 915708623b255f57c0a801e1;
/Marketocracy/bin/fptool invalidateFund 916639173ab9685ec0a80119;
/Marketocracy/bin/fptool invalidateFund 916c71ca3f009445c0a80134;
/Marketocracy/bin/fptool invalidateFund 91ac14253b5ed87bc0a801e1;
/Marketocracy/bin/fptool invalidateFund 91ae588d3bedaa3cc0a80119;
/Marketocracy/bin/fptool invalidateFund 91f2713f3e2d8a47c0a80132;
/Marketocracy/bin/fptool invalidateFund 92cd12373bc3af6fc0a801e0;
/Marketocracy/bin/fptool invalidateFund 930f09443f6ca663c0a80134;
/Marketocracy/bin/fptool invalidateFund 931d74bb3e7878aec0a80133;
/Marketocracy/bin/fptool invalidateFund 936f03ae4046e36dc0a80134;
/Marketocracy/bin/fptool invalidateFund 93d938784065175effffffff;
/Marketocracy/bin/fptool invalidateFund 941c74bb3e787fb5c0a80133;
/Marketocracy/bin/fptool invalidateFund 952e4f7a41a7c6adc0a80133;
/Marketocracy/bin/fptool invalidateFund 9534047d41e2e664c0a80133;
/Marketocracy/bin/fptool invalidateFund 957c4f0f3b73ced7c0a80119;
/Marketocracy/bin/fptool invalidateFund 961a2cdc39dcd4cec0a80118;
/Marketocracy/bin/fptool invalidateFund 969533623ec251f1c0a80133;
/Marketocracy/bin/fptool invalidateFund 96fd45b640af9778c0a80132;
/Marketocracy/bin/fptool invalidateFund 97135e8340e58391c0a80133;
/Marketocracy/bin/fptool invalidateFund 97b316673ceceb7ec0a801e1;
/Marketocracy/bin/fptool invalidateFund 987a466942065ca2c0a80134;
/Marketocracy/bin/fptool invalidateFund 99054fca3fef4dbdc0a80133;
/Marketocracy/bin/fptool invalidateFund 997460393b5de5bec0a80118;
/Marketocracy/bin/fptool invalidateFund 998066b73d68b659c0a801e2;
/Marketocracy/bin/fptool invalidateFund 99945c383f957b54c0a80132;
/Marketocracy/bin/fptool invalidateFund 999e33023b5ddd00c0a801e1;
/Marketocracy/bin/fptool invalidateFund 9a1003463f854d24c0a80132;
/Marketocracy/bin/fptool invalidateFund 9a6702453a010396c0a801e0;
/Marketocracy/bin/fptool invalidateFund 9a9a6ed640355359c0a80134;
/Marketocracy/bin/fptool invalidateFund 9b0a329f39d09cd6c0a80118;
/Marketocracy/bin/fptool invalidateFund 9b89159c42037f43c0a80134;
/Marketocracy/bin/fptool invalidateFund 9b9762883c054d56c0a80119;
/Marketocracy/bin/fptool invalidateFund 9bdd3631397bb37fc0a801e1;
/Marketocracy/bin/fptool invalidateFund 9c2d1b5641dd57e3c0a80133;
/Marketocracy/bin/fptool invalidateFund 9c3f4e103eba3a59c0a80133;
/Marketocracy/bin/fptool invalidateFund 9d0661b83aed8384c0a80118;
/Marketocracy/bin/fptool invalidateFund 9d2e41f93d0ea2d1c0a801e1;
/Marketocracy/bin/fptool invalidateFund 9d4d1e593d3b9555c0a801e0;
/Marketocracy/bin/fptool invalidateFund 9d9202993e82ad36c0a80133;
/Marketocracy/bin/fptool invalidateFund 9df706293ce29fd9c0a801e0;
/Marketocracy/bin/fptool invalidateFund 9e641d363c85577cc0a80118;
/Marketocracy/bin/fptool invalidateFund 9ed52951417d8b05c0a80133;
/Marketocracy/bin/fptool invalidateFund 9f5c70da3d46035fc0a80119;
/Marketocracy/bin/fptool invalidateFund 9f6911b23d40a86ac0a80118;
/Marketocracy/bin/fptool invalidateFund a020300642b2cf53c0a80133;
/Marketocracy/bin/fptool invalidateFund a08013af3d55b171c0a801e0;
/Marketocracy/bin/fptool invalidateFund a11166214238f998c0a80132;
/Marketocracy/bin/fptool invalidateFund a1484d863d8f3077c0a80132;
/Marketocracy/bin/fptool invalidateFund a15070833f115b99c0a80132;
/Marketocracy/bin/fptool invalidateFund a157615642c74262c0a80132;
/Marketocracy/bin/fptool invalidateFund a18d3b0b3a217de4c0a801e1;
/Marketocracy/bin/fptool invalidateFund a1e7274141ec3fb3c0a80132;
/Marketocracy/bin/fptool invalidateFund a25315b941fd1ecac0a80133;
/Marketocracy/bin/fptool invalidateFund a26e3af43bd3a16cc0a801e1;
/Marketocracy/bin/fptool invalidateFund a272535e3e495771c0a80133;
/Marketocracy/bin/fptool invalidateFund a2775de34182a00cc0a80132;
/Marketocracy/bin/fptool invalidateFund a29a08263b8fa3c6c0a801e1;
/Marketocracy/bin/fptool invalidateFund a2c241504238c938c0a80132;
/Marketocracy/bin/fptool invalidateFund a34571203d62c242c0a80119;
/Marketocracy/bin/fptool invalidateFund a35462883c055137c0a80119;
/Marketocracy/bin/fptool invalidateFund a38c61723a92e324c0a80119;
/Marketocracy/bin/fptool invalidateFund a3c3681641e99c90c0a80132;
/Marketocracy/bin/fptool invalidateFund a3d761b53e4e6b55c0a80133;
/Marketocracy/bin/fptool invalidateFund a3ec74523c0ee36cc0a801e0;
/Marketocracy/bin/fptool invalidateFund a3ed0a463a6c23c0c0a801e0;
/Marketocracy/bin/fptool invalidateFund a45a6ee53d380d58c0a801e0;
/Marketocracy/bin/fptool invalidateFund a48508b5421cefa3c0a80133;
/Marketocracy/bin/fptool invalidateFund a4c129f63a1d3869c0a801e0;
/Marketocracy/bin/fptool invalidateFund a4c61457397f4838c0a80119;
/Marketocracy/bin/fptool invalidateFund a4e820b141a62984c0a80133;
/Marketocracy/bin/fptool invalidateFund a4fa60f13ceb4099c0a80119;
/Marketocracy/bin/fptool invalidateFund a541718d3e831d24c0a80135;
/Marketocracy/bin/fptool invalidateFund a55d12723f870e50c0a80132;
/Marketocracy/bin/fptool invalidateFund a686053b3975789ec0a801e1;
/Marketocracy/bin/fptool invalidateFund a68d5c863d4d4457c0a801e2;
/Marketocracy/bin/fptool invalidateFund a6d5751d3e62a33ec0a80135;
/Marketocracy/bin/fptool invalidateFund a6ee6e5541f47864c0a80132;
/Marketocracy/bin/fptool invalidateFund a7856bbb3ee9e6ddc0a80134;
/Marketocracy/bin/fptool invalidateFund a7b317683abeaa1ec0a80119;
/Marketocracy/bin/fptool invalidateFund a7d1518942181c72c0a80133;
/Marketocracy/bin/fptool invalidateFund a7d77120423ca579c0a80133;
/Marketocracy/bin/fptool invalidateFund a81157e0399c2948c0a80118;
/Marketocracy/bin/fptool invalidateFund a8291a2741e930b0c0a80133;
/Marketocracy/bin/fptool invalidateFund a8360c513aa2cf06c0a80119;
/Marketocracy/bin/fptool invalidateFund a86045443cdbf0e2c0a801e1;
/Marketocracy/bin/fptool invalidateFund a8c647083e0b0d32c0a80135;
/Marketocracy/bin/fptool invalidateFund a9f928e63d57e347c0a801e2;
/Marketocracy/bin/fptool invalidateFund aa18457941240980c0a80133;
/Marketocracy/bin/fptool invalidateFund aa8819593999ba97c0a80118;
/Marketocracy/bin/fptool invalidateFund aaa86215426fa93cc0a80133;
/Marketocracy/bin/fptool invalidateFund ab912e2f3af1b636c0a801e0;
/Marketocracy/bin/fptool invalidateFund aba530de397ffbe1c0a80119;
/Marketocracy/bin/fptool invalidateFund abe770324210c6b9c0a80133;
/Marketocracy/bin/fptool invalidateFund ac2929e13cf3675ec0a801e1;
/Marketocracy/bin/fptool invalidateFund ad3653d33e3caa12c0a80135;
/Marketocracy/bin/fptool invalidateFund ad5e1082398ebd24c0a80119;
/Marketocracy/bin/fptool invalidateFund ad7172353ee0d76ac0a80133;
/Marketocracy/bin/fptool invalidateFund ae1045a13f968551c0a80134;
/Marketocracy/bin/fptool invalidateFund ae2b22743e2c5cb9c0a80135;
/Marketocracy/bin/fptool invalidateFund ae7e6be44244642ec0a80133;
/Marketocracy/bin/fptool invalidateFund ae8236c139f84f9fc0a80119;
/Marketocracy/bin/fptool invalidateFund af020c5a41b92453c0a80134;
/Marketocracy/bin/fptool invalidateFund af11643840f9c89fc0a80132;
/Marketocracy/bin/fptool invalidateFund afa111e24221c24fc0a80134;
/Marketocracy/bin/fptool invalidateFund b079210f39c6af6fc0a801e0;
/Marketocracy/bin/fptool invalidateFund b0f624ce399d49e8c0a80119;
/Marketocracy/bin/fptool invalidateFund b10f6f2142472eb8c0a80132;
/Marketocracy/bin/fptool invalidateFund b15207ad3a37f067c0a801e1;
/Marketocracy/bin/fptool invalidateFund b1a2045539989846c0a801e1;
/Marketocracy/bin/fptool invalidateFund b1a54f433b24fa31c0a80118;
/Marketocracy/bin/fptool invalidateFund b24d2e0c3b8ed004c0a801e1;
/Marketocracy/bin/fptool invalidateFund b29120ff3f023e6dc0a80133;
/Marketocracy/bin/fptool invalidateFund b29e1cb742d4ec0cc0a80132;
/Marketocracy/bin/fptool invalidateFund b29f2cd63c53194ac0a80119;
/Marketocracy/bin/fptool invalidateFund b2eb461a3cab040dc0a801e1;
/Marketocracy/bin/fptool invalidateFund b2f9223942c99c79c0a80134;
/Marketocracy/bin/fptool invalidateFund b30f72bd3dcba709c0a80133;
/Marketocracy/bin/fptool invalidateFund b32910d1427bb267c0a80132;
/Marketocracy/bin/fptool invalidateFund b35626283a48f10fc0a801e0;
/Marketocracy/bin/fptool invalidateFund b3bf4c503dc2c552c0a80135;
/Marketocracy/bin/fptool invalidateFund b43426c73b67585ec0a80118;
/Marketocracy/bin/fptool invalidateFund b4a40867423df995c0a80133;
/Marketocracy/bin/fptool invalidateFund b586521b3db03176c0a80133;
/Marketocracy/bin/fptool invalidateFund b58836d542124e65c0a80133;
/Marketocracy/bin/fptool invalidateFund b60e1a5a4252c075c0a80134;
/Marketocracy/bin/fptool invalidateFund b622091d39d305a7c0a80118;
/Marketocracy/bin/fptool invalidateFund b66517013b6f8962c0a80118;
/Marketocracy/bin/fptool invalidateFund b6652921406ae95dffffffff;
/Marketocracy/bin/fptool invalidateFund b6f01b983fbd1324c0a80134;
/Marketocracy/bin/fptool invalidateFund b7124ba33dc3840fc0a80135;
/Marketocracy/bin/fptool invalidateFund b7c7086941fcec1fc0a80132;
/Marketocracy/bin/fptool invalidateFund b86719843eeca8f7c0a80132;
/Marketocracy/bin/fptool invalidateFund b8c504c13e4f11e1c0a80133;
/Marketocracy/bin/fptool invalidateFund b9c417a53c76eb24c0a801e1;
/Marketocracy/bin/fptool invalidateFund ba1340343f2543e8c0a80134;
/Marketocracy/bin/fptool invalidateFund ba463dbe3cd0443dc0a801e0;
/Marketocracy/bin/fptool invalidateFund ba7f730b39e35690c0a80119;
/Marketocracy/bin/fptool invalidateFund bad82951417d8c69c0a80133;
/Marketocracy/bin/fptool invalidateFund bb1a01883e3760e8c0a80133;
/Marketocracy/bin/fptool invalidateFund bbcc0471423dee10c0a80132;
/Marketocracy/bin/fptool invalidateFund bdb00d7542b2e1a8c0a80132;
/Marketocracy/bin/fptool invalidateFund be3837f841863001c0a80132;
/Marketocracy/bin/fptool invalidateFund be4011d041dd65b8c0a80133;
/Marketocracy/bin/fptool invalidateFund bec543dd40477f4ac0a80132;
/Marketocracy/bin/fptool invalidateFund bf02690b3a9fb7f2c0a801e1;
/Marketocracy/bin/fptool invalidateFund bfed63d042acac9bc0a80134;
/Marketocracy/bin/fptool invalidateFund c00b0b383f85b5e5c0a80134;
/Marketocracy/bin/fptool invalidateFund c056704641f49073c0a80134;
/Marketocracy/bin/fptool invalidateFund c0b914c73bc85338c0a801e1;
/Marketocracy/bin/fptool invalidateFund c0f93f3e422d8b91c0a80134;
/Marketocracy/bin/fptool invalidateFund c14635b33ff6f6cdc0a80133;
/Marketocracy/bin/fptool invalidateFund c2581ed940fba36ec0a80134;
/Marketocracy/bin/fptool invalidateFund c2e246ce3f0c42eac0a80133;
/Marketocracy/bin/fptool invalidateFund c2e966573ba9efd6c0a80118;
/Marketocracy/bin/fptool invalidateFund c31c200e3a1c1f1bc0a801e0;
/Marketocracy/bin/fptool invalidateFund c3483d4d3fc73d06c0a80133;
/Marketocracy/bin/fptool invalidateFund c3690e48402692f8c0a80133;
/Marketocracy/bin/fptool invalidateFund c3856d7739b238a2c0a801e1;
/Marketocracy/bin/fptool invalidateFund c3e338c03a899f32c0a801e0;
/Marketocracy/bin/fptool invalidateFund c41501263da764a9c0a80133;
/Marketocracy/bin/fptool invalidateFund c48c15683aa36ff3c0a801e0;
/Marketocracy/bin/fptool invalidateFund c48c15d43a257d24c0a80118;
/Marketocracy/bin/fptool invalidateFund c4c9386242acefeec0a80132;
/Marketocracy/bin/fptool invalidateFund c5a3447042cef074c0a80134;
/Marketocracy/bin/fptool invalidateFund c7af2dba3f4cde0ac0a80133;
/Marketocracy/bin/fptool invalidateFund c87174703ebdc2e6c0a80132;
/Marketocracy/bin/fptool invalidateFund c87e5c5141800dc6c0a80132;
/Marketocracy/bin/fptool invalidateFund c8ac317c4180a851c0a80132;
/Marketocracy/bin/fptool invalidateFund c8b525c63cd78524c0a801e1;
/Marketocracy/bin/fptool invalidateFund c8f41aa83a1d9a79c0a80118;
/Marketocracy/bin/fptool invalidateFund c91e47d43b71bf10c0a80118;
/Marketocracy/bin/fptool invalidateFund c9701acc3ea9f8d9c0a80133;
/Marketocracy/bin/fptool invalidateFund c9a061f93f8c8278c0a80134;
/Marketocracy/bin/fptool invalidateFund ca7159b93cbf874fc0a80119;
/Marketocracy/bin/fptool invalidateFund ca873c7c3ec31a59c0a80133;
/Marketocracy/bin/fptool invalidateFund cb65017a41e32614c0a80133;
/Marketocracy/bin/fptool invalidateFund cb8a24603b55f94ac0a801e1;
/Marketocracy/bin/fptool invalidateFund cbf15ed2422f4e0cc0a80132;
/Marketocracy/bin/fptool invalidateFund cbf4327b3f58c4d4c0a80134;
/Marketocracy/bin/fptool invalidateFund cc0451953a1c8c64c0a801e0;
/Marketocracy/bin/fptool invalidateFund cc4a35653a3e1dbec0a801e0;
/Marketocracy/bin/fptool invalidateFund ccb516683bb20457c0a801e1;
/Marketocracy/bin/fptool invalidateFund cd193bd642aed72fc0a80134;
/Marketocracy/bin/fptool invalidateFund cd526bce3d3e02dac0a80118;
/Marketocracy/bin/fptool invalidateFund cdd9566e3ab1f5fec0a801e0;
/Marketocracy/bin/fptool invalidateFund cddb50344259c50dc0a80134;
/Marketocracy/bin/fptool invalidateFund cdf4371c3b4e61dcc0a80118;
/Marketocracy/bin/fptool invalidateFund ce155f203a400bbfc0a801e0;
/Marketocracy/bin/fptool invalidateFund ce7c073f41ee8559c0a80134;
/Marketocracy/bin/fptool invalidateFund cf86247e420f7a60c0a80132;
/Marketocracy/bin/fptool invalidateFund cfc56e893d51f5c0c0a801e0;
/Marketocracy/bin/fptool invalidateFund d01a5e733d41a55dc0a801e2;
/Marketocracy/bin/fptool invalidateFund d025038441e1a5c4c0a80134;
/Marketocracy/bin/fptool invalidateFund d0b54ddc416a39e7c0a80132;
/Marketocracy/bin/fptool invalidateFund d0cf73ac3dda7e2ec0a80132;
/Marketocracy/bin/fptool invalidateFund d15c13ff41fedb2bc0a80132;
/Marketocracy/bin/fptool invalidateFund d1af442f3d59b833c0a80118;
/Marketocracy/bin/fptool invalidateFund d1b92b0c42763a1cc0a80132;
/Marketocracy/bin/fptool invalidateFund d1e152033db9fb80c0a80132;
/Marketocracy/bin/fptool invalidateFund d23765003b69653dc0a801e1;
/Marketocracy/bin/fptool invalidateFund d29446d33d12843fc0a801e1;
/Marketocracy/bin/fptool invalidateFund d2c86be442973c73c0a80133;
/Marketocracy/bin/fptool invalidateFund d2f334a23e972871c0a80133;
/Marketocracy/bin/fptool invalidateFund d31f13a93da8ad5dc0a80133;
/Marketocracy/bin/fptool invalidateFund d3460ae5404e76a3c0a80133;
/Marketocracy/bin/fptool invalidateFund d3bf27523c7ee48dc0a80118;
/Marketocracy/bin/fptool invalidateFund d3f930ec3e3f8d87c0a80134;
/Marketocracy/bin/fptool invalidateFund d43e1a673dde482ec0a80135;
/Marketocracy/bin/fptool invalidateFund d52b4db53b16cecac0a801e0;
/Marketocracy/bin/fptool invalidateFund d59103603eaaba75c0a80133;
/Marketocracy/bin/fptool invalidateFund d59246483d4e6d65c0a80119;
/Marketocracy/bin/fptool invalidateFund d5bb41ed3eba9103c0a80134;
/Marketocracy/bin/fptool invalidateFund d63946483d4e6fc0c0a80119;
/Marketocracy/bin/fptool invalidateFund d6b55b3c4243350ec0a80134;
/Marketocracy/bin/fptool invalidateFund d6d421353db53b1ec0a80134;
/Marketocracy/bin/fptool invalidateFund d73e279d3e90b0ecc0a80134;
/Marketocracy/bin/fptool invalidateFund d76b31f13c629392c0a801e1;
/Marketocracy/bin/fptool invalidateFund d7ac192b4251549ac0a80132;
/Marketocracy/bin/fptool invalidateFund d7d326103bc1a306c0a80119;
/Marketocracy/bin/fptool invalidateFund d83e0deb4233cd22c0a80133;
/Marketocracy/bin/fptool invalidateFund d85e45f04236a20dc0a80134;
/Marketocracy/bin/fptool invalidateFund d89c048441f12352c0a80133;
/Marketocracy/bin/fptool invalidateFund d8ae5576414f2742c0a80134;
/Marketocracy/bin/fptool invalidateFund d94065e53e03ade9c0a80132;
/Marketocracy/bin/fptool invalidateFund d9804d8c3f158676c0a80133;
/Marketocracy/bin/fptool invalidateFund d9b10ff33c1a6701c0a80119;
/Marketocracy/bin/fptool invalidateFund da5422ab3a7f1aa6c0a801e0;
/Marketocracy/bin/fptool invalidateFund da94097f3ce13591c0a80118;
/Marketocracy/bin/fptool invalidateFund dabb603d39d9cee4c0a80118;
/Marketocracy/bin/fptool invalidateFund db3b017942247efdc0a80134;
/Marketocracy/bin/fptool invalidateFund db712064423abc94c0a80132;
/Marketocracy/bin/fptool invalidateFund dbea095441f28aa0c0a80132;
/Marketocracy/bin/fptool invalidateFund dc076d483e03d578c0a80132;
/Marketocracy/bin/fptool invalidateFund dcbb495f4056862ec0a80133;
/Marketocracy/bin/fptool invalidateFund dcbe5671407a9ee2ffffffff;
/Marketocracy/bin/fptool invalidateFund dcd3746e4197b754c0a80132;
/Marketocracy/bin/fptool invalidateFund dcda2b8a42453baac0a80133;
/Marketocracy/bin/fptool invalidateFund dce117693cf45f21c0a80118;
/Marketocracy/bin/fptool invalidateFund dd0662ca3a50c88cc0a801e1;
/Marketocracy/bin/fptool invalidateFund dd232f3c3d6cf4e8c0a80118;
/Marketocracy/bin/fptool invalidateFund dd6a454b402318d2c0a80134;
/Marketocracy/bin/fptool invalidateFund ddc11993421d8647c0a80133;
/Marketocracy/bin/fptool invalidateFund ddd84b373ff4941cc0a80133;
/Marketocracy/bin/fptool invalidateFund ddf82246417310d8c0a80133;
/Marketocracy/bin/fptool invalidateFund de9e05c13d62615ec0a801e0;
/Marketocracy/bin/fptool invalidateFund def06a8741664e4cc0a80133;
/Marketocracy/bin/fptool invalidateFund e00174fe3b60b374c0a80118;
/Marketocracy/bin/fptool invalidateFund e00a20be3cfeb4b7c0a801e0;
/Marketocracy/bin/fptool invalidateFund e0365bf03a6b1104c0a801e0;
/Marketocracy/bin/fptool invalidateFund e0380dbe3998ad2cc0a801e0;
/Marketocracy/bin/fptool invalidateFund e05b73163e4820ecc0a80132;
/Marketocracy/bin/fptool invalidateFund e0fd50873dc25326c0a80132;
/Marketocracy/bin/fptool invalidateFund e10e6e223f663cb6c0a80134;
/Marketocracy/bin/fptool invalidateFund e27d26bb40045035c0a80134;
/Marketocracy/bin/fptool invalidateFund e2c027b63d9bbc56c0a80132;
/Marketocracy/bin/fptool invalidateFund e2e526103bc1a778c0a80119;
/Marketocracy/bin/fptool invalidateFund e37e043c3d1dc1dcc0a801e0;
/Marketocracy/bin/fptool invalidateFund e3a4538b39778287c0a801e1;
/Marketocracy/bin/fptool invalidateFund e3f02211422e5d84c0a80132;
/Marketocracy/bin/fptool invalidateFund e4ba420d3b1e91c2c0a80119;
/Marketocracy/bin/fptool invalidateFund e4c41e48416a377ec0a80134;
/Marketocracy/bin/fptool invalidateFund e4c9472c41fb057dc0a80134;
/Marketocracy/bin/fptool invalidateFund e4d32ff74038cf71c0a80133;
/Marketocracy/bin/fptool invalidateFund e4fd1e2440b60b2cc0a80134;
/Marketocracy/bin/fptool invalidateFund e55663974250c5eac0a80134;
/Marketocracy/bin/fptool invalidateFund e57c43e242868841c0a80133;
/Marketocracy/bin/fptool invalidateFund e587569040aa5a2bc0a80134;
/Marketocracy/bin/fptool invalidateFund e58815333e8f1d3ec0a80133;
/Marketocracy/bin/fptool invalidateFund e58874173d6c66f8c0a801e0;
/Marketocracy/bin/fptool invalidateFund e59520e73f0c9853c0a80134;
/Marketocracy/bin/fptool invalidateFund e62737d13ba155b2c0a80118;
/Marketocracy/bin/fptool invalidateFund e79d6f5b39e63778c0a80118;
/Marketocracy/bin/fptool invalidateFund e7e4032c41805496c0a80134;
/Marketocracy/bin/fptool invalidateFund e8234b213a1ab904c0a80119;
/Marketocracy/bin/fptool invalidateFund e83108be3d881ac6c0a80119;
/Marketocracy/bin/fptool invalidateFund e85d19d641debd72c0a80132;
/Marketocracy/bin/fptool invalidateFund e9805f94411177adc0a80132;
/Marketocracy/bin/fptool invalidateFund e9b76a7a3c1d3e17c0a80118;
/Marketocracy/bin/fptool invalidateFund ea064d743df79139c0a80135;
/Marketocracy/bin/fptool invalidateFund ea5141f74202e0a2c0a80134;
/Marketocracy/bin/fptool invalidateFund ea7116bc3a6f265ac0a801e1;
/Marketocracy/bin/fptool invalidateFund ea933f8539da7186c0a80118;
/Marketocracy/bin/fptool invalidateFund eaa80eea3e5e495ec0a80135;
/Marketocracy/bin/fptool invalidateFund eaf763a43bc48c04c0a80119;
/Marketocracy/bin/fptool invalidateFund eb0840a73a6d4d03c0a801e0;
/Marketocracy/bin/fptool invalidateFund eb80027039eda65ec0a801e0;
/Marketocracy/bin/fptool invalidateFund ebbe0e2a40b31647c0a80133;
/Marketocracy/bin/fptool invalidateFund ebc16fa2417e7cccc0a80134;
/Marketocracy/bin/fptool invalidateFund ec0b1904425d8270c0a80132;
/Marketocracy/bin/fptool invalidateFund ec3e5bc54115cf00c0a80132;
/Marketocracy/bin/fptool invalidateFund ec6905fd3f373622c0a80132;
/Marketocracy/bin/fptool invalidateFund ec9e4a0839834681c0a80118;
/Marketocracy/bin/fptool invalidateFund eda239f93ce0e026c0a80119;
/Marketocracy/bin/fptool invalidateFund edf129cf42027c7dc0a80132;
/Marketocracy/bin/fptool invalidateFund ee7571bb414ff60ec0a80134;
/Marketocracy/bin/fptool invalidateFund ee9f037439ee3970c0a801e1;
/Marketocracy/bin/fptool invalidateFund eecc6e7842bb407ac0a80132;
/Marketocracy/bin/fptool invalidateFund eef41b2f39f26549c0a80119;
/Marketocracy/bin/fptool invalidateFund ef180978397720ddc0a801e1;
/Marketocracy/bin/fptool invalidateFund f009307342aee723c0a80133;
/Marketocracy/bin/fptool invalidateFund f00945e63c1df92ac0a801e0;
/Marketocracy/bin/fptool invalidateFund f09b033342498a5dc0a80134;
/Marketocracy/bin/fptool invalidateFund f14952653a01819ec0a801e1;
/Marketocracy/bin/fptool invalidateFund f1654c2239f85a22c0a801e1;
/Marketocracy/bin/fptool invalidateFund f1aa07cc41de0132c0a80132;
/Marketocracy/bin/fptool invalidateFund f1b400f73e5a340ec0a80132;
/Marketocracy/bin/fptool invalidateFund f1cf56d339930c3fc0a801e1;
/Marketocracy/bin/fptool invalidateFund f1d962103d8f435cc0a80133;
/Marketocracy/bin/fptool invalidateFund f2260c074169e995c0a80133;
/Marketocracy/bin/fptool invalidateFund f2403399406713b4ffffffff;
/Marketocracy/bin/fptool invalidateFund f2b315243ec3e98bc0a80134;
/Marketocracy/bin/fptool invalidateFund f2fc1acb3f8f2ecdc0a80132;
/Marketocracy/bin/fptool invalidateFund f3b62fcb427bba17c0a80133;
/Marketocracy/bin/fptool invalidateFund f3d325b63b702a59c0a801e1;
/Marketocracy/bin/fptool invalidateFund f3f80c083d8dc1a8c0a80135;
/Marketocracy/bin/fptool invalidateFund f4140372425ed59dc0a80133;
/Marketocracy/bin/fptool invalidateFund f43135f33aa1b0b7c0a801e0;
/Marketocracy/bin/fptool invalidateFund f4523dc2403b4531c0a80133;
/Marketocracy/bin/fptool invalidateFund f4a634d23b959218c0a80118;
/Marketocracy/bin/fptool invalidateFund f4da055c42169455c0a80132;
/Marketocracy/bin/fptool invalidateFund f56b1e9a3d080757c0a80118;
/Marketocracy/bin/fptool invalidateFund f5fd62283b5df1b3c0a80118;
/Marketocracy/bin/fptool invalidateFund f664617d3db74d9ec0a80132;
/Marketocracy/bin/fptool invalidateFund f6d92f64399b3773c0a80119;
/Marketocracy/bin/fptool invalidateFund f731379639a79c3cc0a801e0;
/Marketocracy/bin/fptool invalidateFund f7371a3141e03204c0a80133;
/Marketocracy/bin/fptool invalidateFund f74418bb4251497ac0a80133;
/Marketocracy/bin/fptool invalidateFund f76e26103bc1a9f5c0a80119;
/Marketocracy/bin/fptool invalidateFund f79e3c27425d6077c0a80133;
/Marketocracy/bin/fptool invalidateFund f80b03e83a490219c0a801e1;
/Marketocracy/bin/fptool invalidateFund f82e674e423b01adc0a80134;
/Marketocracy/bin/fptool invalidateFund f89d557640212ec0c0a80134;
/Marketocracy/bin/fptool invalidateFund f9ab44ca3eeb50ddc0a80132;
/Marketocracy/bin/fptool invalidateFund f9c3030f415d711ec0a80132;
/Marketocracy/bin/fptool invalidateFund f9c85336411bc2ffc0a8013c;
/Marketocracy/bin/fptool invalidateFund f9f20a8f3bb4b0c3c0a801e0;
/Marketocracy/bin/fptool invalidateFund fc026f113d512deac0a801e0;
/Marketocracy/bin/fptool invalidateFund fc0f66ac41f32731c0a80134;
/Marketocracy/bin/fptool invalidateFund fc2556b2418d2621c0a80132;
/Marketocracy/bin/fptool invalidateFund fc7856b2418d2795c0a80132;
/Marketocracy/bin/fptool invalidateFund fc980f3b3e5cc377c0a80135;
/Marketocracy/bin/fptool invalidateFund fcbb00f73e5a3bafc0a80132;
/Marketocracy/bin/fptool invalidateFund fd39075b4d071718c0a80146;
/Marketocracy/bin/fptool invalidateFund fda533aa3e4547dbc0a80132;
/Marketocracy/bin/fptool invalidateFund fe7a5b7640c71430c0a80134;
/Marketocracy/bin/fptool invalidateFund ff304df5423a3771c0a80134;
/Marketocracy/bin/fptool invalidateFund ff6d1e0a4200edeac0a80133;
/Marketocracy/bin/fptool invalidateFund ff6e633b39f4b6ebc0a801e0;
/Marketocracy/bin/fptool invalidateFund ffa301253a3071ccc0a80118;
/Marketocracy/bin/fptool invalidateFund ffa565b13eaefd7fc0a80132;
/Marketocracy/bin/fptool invalidateFund fffd5c983e359d87c0a80133;