/Marketocracy/bin/fptool invalidateFund 00343f9241f2b853c0a80134;
/Marketocracy/bin/fptool invalidateFund 00352ac93af133bac0a801e1;
/Marketocracy/bin/fptool invalidateFund 008221a748d92237c0a80134;
/Marketocracy/bin/fptool invalidateFund 012247f839732195c0a801e0;
/Marketocracy/bin/fptool invalidateFund 01ba3f5b4ae0a3bdc0a80135;
/Marketocracy/bin/fptool invalidateFund 02782a313f7c5c48c0a80132;
/Marketocracy/bin/fptool invalidateFund 027f18f43b605781c0a80118;
/Marketocracy/bin/fptool invalidateFund 032e25443f63271cc0a80133;
/Marketocracy/bin/fptool invalidateFund 040558c63c332dd2c0a80118;
/Marketocracy/bin/fptool invalidateFund 04501e653dfcb4c2c0a80135;
/Marketocracy/bin/fptool invalidateFund 047d00e7415d7ec1c0a80134;
/Marketocracy/bin/fptool invalidateFund 07a026b541ed3f71c0a80132;
/Marketocracy/bin/fptool invalidateFund 085d52cb4557bd07c0a80133;
/Marketocracy/bin/fptool invalidateFund 094f550841e17f10c0a80133;
/Marketocracy/bin/fptool invalidateFund 09f472df43efc9b6c0a80134;
/Marketocracy/bin/fptool invalidateFund 0a014b333a255646c0a801e0;
/Marketocracy/bin/fptool invalidateFund 0acf324448c18c91c0a80133;
/Marketocracy/bin/fptool invalidateFund 0b1259d83e13385fc0a80133;
/Marketocracy/bin/fptool invalidateFund 0cf8257344973ca7c0a80134;
/Marketocracy/bin/fptool invalidateFund 0de40aef3b9df8cfc0a801e0;
/Marketocracy/bin/fptool invalidateFund 0e494885465fab38c0a80133;
/Marketocracy/bin/fptool invalidateFund 0fb248fa4901b099c0a80135;
/Marketocracy/bin/fptool invalidateFund 11924f003db78aacc0a80134;
/Marketocracy/bin/fptool invalidateFund 12004de64e955cc4c0a80134;
/Marketocracy/bin/fptool invalidateFund 1330340f4194f2f1c0a80132;
/Marketocracy/bin/fptool invalidateFund 1379034940455d75c0a80134;
/Marketocracy/bin/fptool invalidateFund 145711453d80a6f4c0a80118;
/Marketocracy/bin/fptool invalidateFund 14e473a040ffc476c0a80134;
/Marketocracy/bin/fptool invalidateFund 158f1155431f9560c0a80132;
/Marketocracy/bin/fptool invalidateFund 16491c3a3af181a8c0a80118;
/Marketocracy/bin/fptool invalidateFund 176c4ea44163054bc0a80132;
/Marketocracy/bin/fptool invalidateFund 179374c73cb727acc0a801e0;
/Marketocracy/bin/fptool invalidateFund 182302814611532bc0a80134;
/Marketocracy/bin/fptool invalidateFund 19146eda428e6642c0a80132;
/Marketocracy/bin/fptool invalidateFund 19b443d63c508161c0a80119;
/Marketocracy/bin/fptool invalidateFund 19e313f23d41b177c0a801e2;
/Marketocracy/bin/fptool invalidateFund 1a263595406c685effffffff;
/Marketocracy/bin/fptool invalidateFund 1ab25ea94320acc9c0a80132;
/Marketocracy/bin/fptool invalidateFund 1c51270346916f8ac0a80133;
/Marketocracy/bin/fptool invalidateFund 1cd016f441ab6f8ec0a80133;
/Marketocracy/bin/fptool invalidateFund 1d0f2eab40c9d967c0a80132;
/Marketocracy/bin/fptool invalidateFund 1de81ea04067a7d8ffffffff;
/Marketocracy/bin/fptool invalidateFund 1e581e8f3cb10e9fc0a801e0;
/Marketocracy/bin/fptool invalidateFund 20aa42ec41643de4c0a80134;
/Marketocracy/bin/fptool invalidateFund 212c6c373e213dc8c0a80133;
/Marketocracy/bin/fptool invalidateFund 21da201e42a0f306c0a80132;
/Marketocracy/bin/fptool invalidateFund 229c3f373c51c2d1c0a80119;
/Marketocracy/bin/fptool invalidateFund 22bc169940f53e01c0a80132;
/Marketocracy/bin/fptool invalidateFund 234c017a430601d8c0a80132;
/Marketocracy/bin/fptool invalidateFund 243f015a43789e25c0a80133;
/Marketocracy/bin/fptool invalidateFund 2463486f4bac6903c0a80133;
/Marketocracy/bin/fptool invalidateFund 24670530430a989dc0a80132;
/Marketocracy/bin/fptool invalidateFund 249300e33e774bcec0a80133;
/Marketocracy/bin/fptool invalidateFund 24a73602428e5ca7c0a80132;
/Marketocracy/bin/fptool invalidateFund 26653ccb3ebc21b6c0a80133;
/Marketocracy/bin/fptool invalidateFund 26fc4f6e43c83c4bc0a80132;
/Marketocracy/bin/fptool invalidateFund 27c013f23d41b828c0a801e2;
/Marketocracy/bin/fptool invalidateFund 282164004661c03cc0a80134;
/Marketocracy/bin/fptool invalidateFund 28ea23af3b6ec621c0a80119;
/Marketocracy/bin/fptool invalidateFund 29390bb73c7d2197c0a801e0;
/Marketocracy/bin/fptool invalidateFund 296417e5424124fcc0a80133;
/Marketocracy/bin/fptool invalidateFund 2aad627b4231190bc0a80134;
/Marketocracy/bin/fptool invalidateFund 2ac63b6c45cb4ef8c0a80134;
/Marketocracy/bin/fptool invalidateFund 2b4232314c597cb3c0a80134;
/Marketocracy/bin/fptool invalidateFund 2b83583b433406f5c0a80132;
/Marketocracy/bin/fptool invalidateFund 2be80be441ab0304c0a80132;
/Marketocracy/bin/fptool invalidateFund 2c2649f543c47d32c0a80132;
/Marketocracy/bin/fptool invalidateFund 2c3218c63df0c2a9c0a80132;
/Marketocracy/bin/fptool invalidateFund 2f880ca7460bb9e6c0a80134;
/Marketocracy/bin/fptool invalidateFund 2fa708c23f99761fc0a80134;
/Marketocracy/bin/fptool invalidateFund 30ec17da3d5041ffc0a801e2;
/Marketocracy/bin/fptool invalidateFund 322802bb4c98a24ac0a80133;
/Marketocracy/bin/fptool invalidateFund 323732db4766a090c0a80134;
/Marketocracy/bin/fptool invalidateFund 33b926e241fd75c4c0a80132;
/Marketocracy/bin/fptool invalidateFund 33cb26404157d769c0a80133;
/Marketocracy/bin/fptool invalidateFund 344d59b63ac3b655c0a80119;
/Marketocracy/bin/fptool invalidateFund 355551b241fa6b34c0a80132;
/Marketocracy/bin/fptool invalidateFund 360e27c03ef8da99c0a80134;
/Marketocracy/bin/fptool invalidateFund 370b033f3e4c26e6c0a80132;
/Marketocracy/bin/fptool invalidateFund 384c03eb425ab77bc0a80134;
/Marketocracy/bin/fptool invalidateFund 38bf1b7c3dedfc68c0a80132;
/Marketocracy/bin/fptool invalidateFund 39416abd4826aa06c0a80132;
/Marketocracy/bin/fptool invalidateFund 39e5659a42ee143fc0a80134;
/Marketocracy/bin/fptool invalidateFund 3a9b018542f3afc1c0a80132;
/Marketocracy/bin/fptool invalidateFund 3b32099740ed6dadc0a80133;
/Marketocracy/bin/fptool invalidateFund 3cf6107b3df94ac8c0a80135;
/Marketocracy/bin/fptool invalidateFund 3d41206b3d232931c0a801e2;
/Marketocracy/bin/fptool invalidateFund 3e88597f4166bfc8c0a80133;
/Marketocracy/bin/fptool invalidateFund 41fc0ae4423e28c3c0a80132;
/Marketocracy/bin/fptool invalidateFund 421250f54108f994c0a80132;
/Marketocracy/bin/fptool invalidateFund 421567a242e52f7dc0a80132;
/Marketocracy/bin/fptool invalidateFund 423b12914d77c095c0a80133;
/Marketocracy/bin/fptool invalidateFund 43ce02bc45fbab70c0a80135;
/Marketocracy/bin/fptool invalidateFund 43e5686442513c0dc0a80133;
/Marketocracy/bin/fptool invalidateFund 441518fb5300de3cc0a86f99;
/Marketocracy/bin/fptool invalidateFund 44235bc441fe2603c0a80133;
/Marketocracy/bin/fptool invalidateFund 448a03d939cff9edc0a80118;
/Marketocracy/bin/fptool invalidateFund 44920ef73c6bf976c0a801e1;
/Marketocracy/bin/fptool invalidateFund 44bf438350cfdb98c0a80134;
/Marketocracy/bin/fptool invalidateFund 4516117a3b5dda46c0a80119;
/Marketocracy/bin/fptool invalidateFund 46ea034d41e30d2ac0a80133;
/Marketocracy/bin/fptool invalidateFund 46f85171507859a6c0a80132;
/Marketocracy/bin/fptool invalidateFund 46fe6050430f66b4c0a80133;
/Marketocracy/bin/fptool invalidateFund 472d4fce39d83566c0a80118;
/Marketocracy/bin/fptool invalidateFund 479309e353a1ab2cc0a86f98;
/Marketocracy/bin/fptool invalidateFund 47ff46393a052db4c0a80118;
/Marketocracy/bin/fptool invalidateFund 49d264d64073492bffffffff;
/Marketocracy/bin/fptool invalidateFund 49db6f5a3afdd14ec0a801e1;
/Marketocracy/bin/fptool invalidateFund 4a7963e3501195dcc0a80134;
/Marketocracy/bin/fptool invalidateFund 4b0f19604491a2c7c0a80133;
/Marketocracy/bin/fptool invalidateFund 4b510ec73f4e49e9c0a80133;
/Marketocracy/bin/fptool invalidateFund 4bc609643d6d466bc0a80118;
/Marketocracy/bin/fptool invalidateFund 4c464d71425e6651c0a80132;
/Marketocracy/bin/fptool invalidateFund 4c9f1b47487b2d51c0a80132;
/Marketocracy/bin/fptool invalidateFund 4cc1705141ad1facc0a80132;
/Marketocracy/bin/fptool invalidateFund 4cda5c663d6fc698c0a80118;
/Marketocracy/bin/fptool invalidateFund 4d6752e542f93b6cc0a80134;
/Marketocracy/bin/fptool invalidateFund 4d794441410fbe9dc0a80133;
/Marketocracy/bin/fptool invalidateFund 4def65a13c66fa97c0a80119;
/Marketocracy/bin/fptool invalidateFund 4f57376642b97fd5c0a80134;
/Marketocracy/bin/fptool invalidateFund 501a174e39908ed5c0a801e0;
/Marketocracy/bin/fptool invalidateFund 50bf116a39f84ea0c0a80118;
/Marketocracy/bin/fptool invalidateFund 515f3afc3c03b23ac0a801e1;
/Marketocracy/bin/fptool invalidateFund 51a769bb4237ee1dc0a80132;
/Marketocracy/bin/fptool invalidateFund 51a960393a031002c0a80118;
/Marketocracy/bin/fptool invalidateFund 51e6104a4304dc66c0a80133;
/Marketocracy/bin/fptool invalidateFund 52690d973f4cc465c0a80133;
/Marketocracy/bin/fptool invalidateFund 53002d034181303cc0a80134;
/Marketocracy/bin/fptool invalidateFund 531f00f643a73bf3c0a80132;
/Marketocracy/bin/fptool invalidateFund 53230bac4420db3ac0a80133;
/Marketocracy/bin/fptool invalidateFund 54d43dac487ca0eec0a80133;
/Marketocracy/bin/fptool invalidateFund 54d904bb42e6b317c0a80133;
/Marketocracy/bin/fptool invalidateFund 550c5d0844bb9a69c0a80132;
/Marketocracy/bin/fptool invalidateFund 552d3e9950d11febc0a80134;
/Marketocracy/bin/fptool invalidateFund 564462de3f6093d0c0a80132;
/Marketocracy/bin/fptool invalidateFund 58a7566245803342c0a80132;
/Marketocracy/bin/fptool invalidateFund 59bf18b54120207dc0a8013c;
/Marketocracy/bin/fptool invalidateFund 5ac8750b431909e4c0a80132;
/Marketocracy/bin/fptool invalidateFund 5b6a1d3a3c2c8c10c0a80119;
/Marketocracy/bin/fptool invalidateFund 5ba84c4b39dbfc10c0a80119;
/Marketocracy/bin/fptool invalidateFund 5c4666c339efb3c6c0a80118;
/Marketocracy/bin/fptool invalidateFund 5c5b11393e29a548c0a80133;
/Marketocracy/bin/fptool invalidateFund 5dbd41103b56deebc0a801e0;
/Marketocracy/bin/fptool invalidateFund 5e0a314d3c85affcc0a801e0;
/Marketocracy/bin/fptool invalidateFund 603b107b432ae593c0a80132;
/Marketocracy/bin/fptool invalidateFund 60a8623741a7889bc0a80133;
/Marketocracy/bin/fptool invalidateFund 61a70cab43d9993dc0a80133;
/Marketocracy/bin/fptool invalidateFund 62580a693b195930c0a801e0;
/Marketocracy/bin/fptool invalidateFund 6295433745aeadabc0a80133;
/Marketocracy/bin/fptool invalidateFund 62a5127839c36c82c0a801e1;
/Marketocracy/bin/fptool invalidateFund 63493b25417d5fbdc0a80133;
/Marketocracy/bin/fptool invalidateFund 63616ca53e4e753fc0a80132;
/Marketocracy/bin/fptool invalidateFund 63bc2c1644f3efd9c0a80133;
/Marketocracy/bin/fptool invalidateFund 63dc26804300815ec0a80132;
/Marketocracy/bin/fptool invalidateFund 63e103d4452bba11c0a80133;
/Marketocracy/bin/fptool invalidateFund 65156b5a4523c005c0a80133;
/Marketocracy/bin/fptool invalidateFund 654b0ac241100263c0a80132;
/Marketocracy/bin/fptool invalidateFund 661e3ab139c82d47c0a801e1;
/Marketocracy/bin/fptool invalidateFund 68fe0d8242371086c0a80134;
/Marketocracy/bin/fptool invalidateFund 691d4a2f4126e883c0a80132;
/Marketocracy/bin/fptool invalidateFund 695102564432e380c0a80134;
/Marketocracy/bin/fptool invalidateFund 69ac21184148973bc0a8013c;
/Marketocracy/bin/fptool invalidateFund 69ff191d4e937529c0a80134;
/Marketocracy/bin/fptool invalidateFund 6a9a640e3ca11094c0a801e1;
/Marketocracy/bin/fptool invalidateFund 6b0618c741530e6fc0a80132;
/Marketocracy/bin/fptool invalidateFund 6b1a02dd416a3164c0a80132;
/Marketocracy/bin/fptool invalidateFund 6b73029244622eb8c0a80132;
/Marketocracy/bin/fptool invalidateFund 6b801b8640f71d77c0a80133;
/Marketocracy/bin/fptool invalidateFund 6bae634f41dc8dddc0a80133;
/Marketocracy/bin/fptool invalidateFund 6c206945445223c7c0a80132;
/Marketocracy/bin/fptool invalidateFund 6c6649953d559dd8c0a80118;
/Marketocracy/bin/fptool invalidateFund 6cbf49e93b45e561c0a80119;
/Marketocracy/bin/fptool invalidateFund 6cd51f8944a42c66c0a80134;
/Marketocracy/bin/fptool invalidateFund 6e401fe6421e0559c0a80132;
/Marketocracy/bin/fptool invalidateFund 6e4d399c40ab8a7cc0a80132;
/Marketocracy/bin/fptool invalidateFund 6e952f663b5ddc62c0a801e0;
/Marketocracy/bin/fptool invalidateFund 6ee04fd23d6d832fc0a801e2;
/Marketocracy/bin/fptool invalidateFund 713831b4487b634ac0a80135;
/Marketocracy/bin/fptool invalidateFund 7159050941dce9d8c0a80133;
/Marketocracy/bin/fptool invalidateFund 720f6fcc47178254c0a80133;
/Marketocracy/bin/fptool invalidateFund 7222139c3e5bcd60c0a80132;
/Marketocracy/bin/fptool invalidateFund 7271013d3f44b103c0a80134;
/Marketocracy/bin/fptool invalidateFund 729270de3ca5e0e5c0a80119;
/Marketocracy/bin/fptool invalidateFund 72dc61d74234d01ec0a80134;
/Marketocracy/bin/fptool invalidateFund 730b0e5d469d6f99c0a80135;
/Marketocracy/bin/fptool invalidateFund 73c720b742ea2b41c0a80134;
/Marketocracy/bin/fptool invalidateFund 741e460d3f747e8ec0a80133;
/Marketocracy/bin/fptool invalidateFund 7518554c39f9cb43c0a80119;
/Marketocracy/bin/fptool invalidateFund 756369db4347fe1ac0a80134;
/Marketocracy/bin/fptool invalidateFund 763b04e53cc812c4c0a801e0;
/Marketocracy/bin/fptool invalidateFund 765352a044f879efc0a80133;
/Marketocracy/bin/fptool invalidateFund 76cc14ab423e89f4c0a80132;
/Marketocracy/bin/fptool invalidateFund 77802ccb39e50b2cc0a80118;
/Marketocracy/bin/fptool invalidateFund 77c8055a39e62922c0a80119;
/Marketocracy/bin/fptool invalidateFund 77d6055a39e62988c0a80119;
/Marketocracy/bin/fptool invalidateFund 7835752b41f50795c0a80134;
/Marketocracy/bin/fptool invalidateFund 78a43be939dcddcfc0a80119;
/Marketocracy/bin/fptool invalidateFund 7936596742dbd9dac0a80132;
/Marketocracy/bin/fptool invalidateFund 79ac49a2420d274dc0a80132;
/Marketocracy/bin/fptool invalidateFund 79f3505b44119715c0a80134;
/Marketocracy/bin/fptool invalidateFund 7a1d44ba48ef4aa8c0a80135;
/Marketocracy/bin/fptool invalidateFund 7a6f0a63450024dfc0a80134;
/Marketocracy/bin/fptool invalidateFund 7a7251c941643f2ac0a80132;
/Marketocracy/bin/fptool invalidateFund 7b4f62b541bef009c0a80134;
/Marketocracy/bin/fptool invalidateFund 7ce432923cd6718ac0a80118;
/Marketocracy/bin/fptool invalidateFund 7d98590141873027c0a80133;
/Marketocracy/bin/fptool invalidateFund 7d9a2f0140eeaf48c0a80134;
/Marketocracy/bin/fptool invalidateFund 7daa6d8d3a08a88cc0a80119;
/Marketocracy/bin/fptool invalidateFund 7dcd42c442b04f42c0a80132;
/Marketocracy/bin/fptool invalidateFund 7e923aef4248a6cdc0a80132;
/Marketocracy/bin/fptool invalidateFund 7f5e6d8d3a08ac39c0a80119;
/Marketocracy/bin/fptool invalidateFund 7f7a0f4a43fe6206c0a80132;
/Marketocracy/bin/fptool invalidateFund 7ffe73383c13b4d4c0a80118;
/Marketocracy/bin/fptool invalidateFund 807503c03d331d76c0a80119;
/Marketocracy/bin/fptool invalidateFund 808619ad3f5627a0c0a80133;
/Marketocracy/bin/fptool invalidateFund 809346ee39eded94c0a80119;
/Marketocracy/bin/fptool invalidateFund 80a800e2401514c0c0a80134;
/Marketocracy/bin/fptool invalidateFund 819c6d8d3a08ad38c0a80119;
/Marketocracy/bin/fptool invalidateFund 81ce2bff46719fc9c0a80132;
/Marketocracy/bin/fptool invalidateFund 820074614609789ac0a80135;
/Marketocracy/bin/fptool invalidateFund 83340354400ef425c0a80133;
/Marketocracy/bin/fptool invalidateFund 83716c96432f932dc0a80134;
/Marketocracy/bin/fptool invalidateFund 837615b33d6153f6c0a801e2;
/Marketocracy/bin/fptool invalidateFund 840553ce3f98358ec0a80133;
/Marketocracy/bin/fptool invalidateFund 84441b62420ddeafc0a80132;
/Marketocracy/bin/fptool invalidateFund 847a092d3ff5677fc0a80134;
/Marketocracy/bin/fptool invalidateFund 874b4db33b0291c9c0a80119;
/Marketocracy/bin/fptool invalidateFund 8a973d8439ff4de7c0a801e0;
/Marketocracy/bin/fptool invalidateFund 8b191adc452e5e6ec0a80134;
/Marketocracy/bin/fptool invalidateFund 8b88735c42b08555c0a80132;
/Marketocracy/bin/fptool invalidateFund 8bb746ed42e40a4bc0a80132;
/Marketocracy/bin/fptool invalidateFund 8bbf7404489f26f8c0a80132;
/Marketocracy/bin/fptool invalidateFund 8c8145553d854013c0a801e2;
/Marketocracy/bin/fptool invalidateFund 8ca4212942385356c0a80132;
/Marketocracy/bin/fptool invalidateFund 8cd76ebe3d6b8203c0a801e0;
/Marketocracy/bin/fptool invalidateFund 8d41485642974fd1c0a80132;
/Marketocracy/bin/fptool invalidateFund 8d8a60253e2ca6d3c0a80133;
/Marketocracy/bin/fptool invalidateFund 8e6156073b1ce0d0c0a80118;
/Marketocracy/bin/fptool invalidateFund 9002405b42aea1b8c0a80133;
/Marketocracy/bin/fptool invalidateFund 9125453241f2577bc0a80132;
/Marketocracy/bin/fptool invalidateFund 916e01b33f68a6a9c0a80132;
/Marketocracy/bin/fptool invalidateFund 918128ac3d19d6cdc0a801e0;
/Marketocracy/bin/fptool invalidateFund 921a1e7642e079b1c0a80132;
/Marketocracy/bin/fptool invalidateFund 93b63169478e0dd6c0a80132;
/Marketocracy/bin/fptool invalidateFund 93ca661f39c55b6cc0a801e0;
/Marketocracy/bin/fptool invalidateFund 93f75ec13e1c4080c0a80135;
/Marketocracy/bin/fptool invalidateFund 944c16dd3b4602c2c0a80119;
/Marketocracy/bin/fptool invalidateFund 94535e4a3c87be58c0a801e1;
/Marketocracy/bin/fptool invalidateFund 957c38533c76bc1fc0a801e0;
/Marketocracy/bin/fptool invalidateFund 95882010421e1133c0a80132;
/Marketocracy/bin/fptool invalidateFund 95c43c5641643079c0a80132;
/Marketocracy/bin/fptool invalidateFund 95d5661f39c55edbc0a801e0;
/Marketocracy/bin/fptool invalidateFund 96870b4e42372f53c0a80133;
/Marketocracy/bin/fptool invalidateFund 96b8513f40aa70c5c0a80134;
/Marketocracy/bin/fptool invalidateFund 979d082b40ac013fc0a80134;
/Marketocracy/bin/fptool invalidateFund 97fc5e1741ebfa69c0a80134;
/Marketocracy/bin/fptool invalidateFund 98634c1a53037e34c0a86f99;
/Marketocracy/bin/fptool invalidateFund 99d916733faa8099c0a80134;
/Marketocracy/bin/fptool invalidateFund 9a5c6c96432f96b5c0a80134;
/Marketocracy/bin/fptool invalidateFund 9a67661f39c56176c0a801e0;
/Marketocracy/bin/fptool invalidateFund 9abb2b1f4268bcb5c0a80132;
/Marketocracy/bin/fptool invalidateFund 9b8947a23c8e19f4c0a80118;
/Marketocracy/bin/fptool invalidateFund 9da95d2942e7ceedc0a80132;
/Marketocracy/bin/fptool invalidateFund 9e6858394fe9f9ebc0a80135;
/Marketocracy/bin/fptool invalidateFund 9ebb666839bb863fc0a801e1;
/Marketocracy/bin/fptool invalidateFund 9f4744a8507c9d76c0a80132;
/Marketocracy/bin/fptool invalidateFund 9f6e73f33d8b32bac0a80118;
/Marketocracy/bin/fptool invalidateFund 9f934efe3e33ef8ac0a80135;
/Marketocracy/bin/fptool invalidateFund 9fb61af03fedb68dc0a80133;
/Marketocracy/bin/fptool invalidateFund a121034f41f1524cc0a80133;
/Marketocracy/bin/fptool invalidateFund a3271db441d5b445c0a80133;
/Marketocracy/bin/fptool invalidateFund a3e074a441827fb7c0a80134;
/Marketocracy/bin/fptool invalidateFund a43b11a53d1fbc24c0a80118;
/Marketocracy/bin/fptool invalidateFund a4c56e3e39e13eddc0a80119;
/Marketocracy/bin/fptool invalidateFund a4ee08013cb1be8ac0a801e0;
/Marketocracy/bin/fptool invalidateFund a5724f3b3d433b49c0a80118;
/Marketocracy/bin/fptool invalidateFund a65e049642557d2ac0a80132;
/Marketocracy/bin/fptool invalidateFund a6d80aae3c97ef37c0a801e1;
/Marketocracy/bin/fptool invalidateFund a738565f47b9c60fc0a80135;
/Marketocracy/bin/fptool invalidateFund a84f52433e282a0cc0a80134;
/Marketocracy/bin/fptool invalidateFund a85c312c3d18686cc0a801e1;
/Marketocracy/bin/fptool invalidateFund a88e30bb4847f7d1c0a80135;
/Marketocracy/bin/fptool invalidateFund a8c82eb34b900b2cc0a80135;
/Marketocracy/bin/fptool invalidateFund a91b3cb34384795dc0a80134;
/Marketocracy/bin/fptool invalidateFund aa1e046e3a8f8c84c0a80118;
/Marketocracy/bin/fptool invalidateFund aac467ca3a1eabe0c0a801e0;
/Marketocracy/bin/fptool invalidateFund abb22e0c3bd0acc6c0a801e0;
/Marketocracy/bin/fptool invalidateFund abe94be23ceba849c0a801e1;
/Marketocracy/bin/fptool invalidateFund ac4353413c239205c0a80118;
/Marketocracy/bin/fptool invalidateFund ae2b22743e2c5cb9c0a80135;
/Marketocracy/bin/fptool invalidateFund ae6c353443c95e2cc0a80133;
/Marketocracy/bin/fptool invalidateFund ae7206473ed827a6c0a80132;
/Marketocracy/bin/fptool invalidateFund ae915ab93f728a07c0a80133;
/Marketocracy/bin/fptool invalidateFund aeba028e45e4ae45c0a80132;
/Marketocracy/bin/fptool invalidateFund af0203da452bba13c0a80134;
/Marketocracy/bin/fptool invalidateFund af5e5cb83cd80f7dc0a80119;
/Marketocracy/bin/fptool invalidateFund afba10ff442d9764c0a80133;
/Marketocracy/bin/fptool invalidateFund b14c3a0a3ffaeb51c0a80132;
/Marketocracy/bin/fptool invalidateFund b15270a53d89e775c0a801e2;
/Marketocracy/bin/fptool invalidateFund b2422af141c91b88c0a80132;
/Marketocracy/bin/fptool invalidateFund b2a866603d73d1e1c0a80119;
/Marketocracy/bin/fptool invalidateFund b482264c45b6c506c0a80132;
/Marketocracy/bin/fptool invalidateFund b4a11579438d4440c0a80134;
/Marketocracy/bin/fptool invalidateFund b4f46e274007fb61c0a80133;
/Marketocracy/bin/fptool invalidateFund b54925484b17e9ddc0a80135;
/Marketocracy/bin/fptool invalidateFund b5c21a614875e280c0a80134;
/Marketocracy/bin/fptool invalidateFund b5e205e9461a5c2dc0a80134;
/Marketocracy/bin/fptool invalidateFund b69f5e7a3c71c2ffc0a80118;
/Marketocracy/bin/fptool invalidateFund b6a7103b413e9aafc0a80134;
/Marketocracy/bin/fptool invalidateFund b6f3038f3d6153b1c0a80118;
/Marketocracy/bin/fptool invalidateFund b6fe3c5b3973b0c7c0a801e1;
/Marketocracy/bin/fptool invalidateFund b73371e83c8a1730c0a801e0;
/Marketocracy/bin/fptool invalidateFund b737075c5489b147c0a86f98;
/Marketocracy/bin/fptool invalidateFund b7a13eed445cc1dcc0a80134;
/Marketocracy/bin/fptool invalidateFund b9ad49f5487d30f6c0a80134;
/Marketocracy/bin/fptool invalidateFund b9e4160d42709bfdc0a80133;
/Marketocracy/bin/fptool invalidateFund bb5a1bdd3cee5919c0a80118;
/Marketocracy/bin/fptool invalidateFund bc2b278a3b02a024c0a801e0;
/Marketocracy/bin/fptool invalidateFund bcd16438397e0d69c0a80119;
/Marketocracy/bin/fptool invalidateFund be34439c423f0cdac0a80132;
/Marketocracy/bin/fptool invalidateFund be6103813a40d9e8c0a80119;
/Marketocracy/bin/fptool invalidateFund c03834ff41756997c0a80133;
/Marketocracy/bin/fptool invalidateFund c23607714f11fb74c0a80133;
/Marketocracy/bin/fptool invalidateFund c2bf032a3d344351c0a80119;
/Marketocracy/bin/fptool invalidateFund c345168141627832c0a80132;
/Marketocracy/bin/fptool invalidateFund c3672005421ddefec0a80132;
/Marketocracy/bin/fptool invalidateFund c3db4ac94176b307c0a80132;
/Marketocracy/bin/fptool invalidateFund c5624efe3e33fd30c0a80135;
/Marketocracy/bin/fptool invalidateFund c586502955dcaff3c0a86fa6;
/Marketocracy/bin/fptool invalidateFund c58c6da3461fa773c0a80134;
/Marketocracy/bin/fptool invalidateFund c68d285e3e289a45c0a80135;
/Marketocracy/bin/fptool invalidateFund c6ec04ab433c0994c0a80134;
/Marketocracy/bin/fptool invalidateFund c7c1306b39fdf3f4c0a801e1;
/Marketocracy/bin/fptool invalidateFund c81e25913e2caffdc0a80135;
/Marketocracy/bin/fptool invalidateFund c8ca0c1540043f6ac0a80133;
/Marketocracy/bin/fptool invalidateFund c9a651f0418fc328c0a80133;
/Marketocracy/bin/fptool invalidateFund c9b259133c5ab467c0a80118;
/Marketocracy/bin/fptool invalidateFund ca2b72a1450c7ba8c0a80132;
/Marketocracy/bin/fptool invalidateFund ca6a01013dddcd23c0a80134;
/Marketocracy/bin/fptool invalidateFund ccec751b41a65524c0a80133;
/Marketocracy/bin/fptool invalidateFund cd2d2214424067bdc0a80133;
/Marketocracy/bin/fptool invalidateFund cf4a4f4e417288fac0a80134;
/Marketocracy/bin/fptool invalidateFund cfc803753a5cccd2c0a801e1;
/Marketocracy/bin/fptool invalidateFund d0381f1a3e31c95ac0a80133;
/Marketocracy/bin/fptool invalidateFund d063263d438b92b1c0a80134;
/Marketocracy/bin/fptool invalidateFund d0ae0b63455a7d4ec0a80132;
/Marketocracy/bin/fptool invalidateFund d1236d8543b00a44c0a80134;
/Marketocracy/bin/fptool invalidateFund d17e5a7639fed63cc0a801e0;
/Marketocracy/bin/fptool invalidateFund d289092744ce2727c0a80133;
/Marketocracy/bin/fptool invalidateFund d3ec33083e3575f6c0a80135;
/Marketocracy/bin/fptool invalidateFund d4162f2d4ae9b445c0a80132;
/Marketocracy/bin/fptool invalidateFund d5084d9f4ac509f5c0a80134;
/Marketocracy/bin/fptool invalidateFund d5c91e0b48cd3645c0a80132;
/Marketocracy/bin/fptool invalidateFund d5cc735d4194639bc0a80134;
/Marketocracy/bin/fptool invalidateFund d75025ce5495e10cc0a86f98;
/Marketocracy/bin/fptool invalidateFund d84e3e11417ab3b0c0a80134;
/Marketocracy/bin/fptool invalidateFund d8cb1a07433ae699c0a80134;
/Marketocracy/bin/fptool invalidateFund d95311b23d40c235c0a80118;
/Marketocracy/bin/fptool invalidateFund d9815a0242948505c0a80132;
/Marketocracy/bin/fptool invalidateFund db8d033342fe26adc0a80134;
/Marketocracy/bin/fptool invalidateFund dc6e746146096f14c0a80135;
/Marketocracy/bin/fptool invalidateFund de2b0a3d39c6ed90c0a80151;
/Marketocracy/bin/fptool invalidateFund de3513d8454a995cc0a80135;
/Marketocracy/bin/fptool invalidateFund deed68ac461fdd8cc0a80133;
/Marketocracy/bin/fptool invalidateFund df1608be415c782bc0a80132;
/Marketocracy/bin/fptool invalidateFund df6264363a37b165c0a80118;
/Marketocracy/bin/fptool invalidateFund df7f1dd14344bebec0a80134;
/Marketocracy/bin/fptool invalidateFund e00004bc409fb308c0a80132;
/Marketocracy/bin/fptool invalidateFund e10f25643faaaee0c0a80134;
/Marketocracy/bin/fptool invalidateFund e1120a3d39c6ef39c0a80151;
/Marketocracy/bin/fptool invalidateFund e126659d3c86863cc0a801e1;
/Marketocracy/bin/fptool invalidateFund e13752e14325a13ec0a80133;
/Marketocracy/bin/fptool invalidateFund e1d147a23c8e2150c0a80118;
/Marketocracy/bin/fptool invalidateFund e20852b84329b9e3c0a80133;
/Marketocracy/bin/fptool invalidateFund e30019b739fedb24c0a801e0;
/Marketocracy/bin/fptool invalidateFund e3663ab339c82922c0a801e1;
/Marketocracy/bin/fptool invalidateFund e42707ab42b8cd89c0a80133;
/Marketocracy/bin/fptool invalidateFund e45a67e03f6687b8c0a80132;
/Marketocracy/bin/fptool invalidateFund e54372db3d8e818cc0a80132;
/Marketocracy/bin/fptool invalidateFund e60c6b4d41dc5f7ac0a80132;
/Marketocracy/bin/fptool invalidateFund e744667455c91433c0a86fa6;
/Marketocracy/bin/fptool invalidateFund e7780ed3455a23f0c0a80132;
/Marketocracy/bin/fptool invalidateFund e8510a3d39c6f0fcc0a80151;
/Marketocracy/bin/fptool invalidateFund e85a06a9421671a9c0a80132;
/Marketocracy/bin/fptool invalidateFund e88364463f174150c0a80132;
/Marketocracy/bin/fptool invalidateFund ea3d05f344133f2bc0a80134;
/Marketocracy/bin/fptool invalidateFund eb3b20663a59cd1ec0a801e0;
/Marketocracy/bin/fptool invalidateFund ecf248c43c65779ec0a801e0;
/Marketocracy/bin/fptool invalidateFund edfe22683a18a02ac0a80118;
/Marketocracy/bin/fptool invalidateFund ee7530ba45c62333c0a80133;
/Marketocracy/bin/fptool invalidateFund ef180978397720ddc0a801e1;
/Marketocracy/bin/fptool invalidateFund efb25bfd4329fa58c0a80133;
/Marketocracy/bin/fptool invalidateFund f0743bd23eaf2a5bc0a80134;
/Marketocracy/bin/fptool invalidateFund f09d42733a3dcaffc0a80119;
/Marketocracy/bin/fptool invalidateFund f0b102f147ec5754c0a80134;
/Marketocracy/bin/fptool invalidateFund f0f56ca0462fc30ac0a80133;
/Marketocracy/bin/fptool invalidateFund f1ee01f53dc01dcac0a80134;
/Marketocracy/bin/fptool invalidateFund f2332fd44022bf76c0a80133;
/Marketocracy/bin/fptool invalidateFund f2393a4a42948ae6c0a80132;
/Marketocracy/bin/fptool invalidateFund f28600684589b3b1c0a80132;
/Marketocracy/bin/fptool invalidateFund f2a9509c41e25f58c0a80133;
/Marketocracy/bin/fptool invalidateFund f2b9025246c9bb80c0a80133;
/Marketocracy/bin/fptool invalidateFund f30452a53df667bec0a80135;
/Marketocracy/bin/fptool invalidateFund f39a4822400b7e7ec0a80134;
/Marketocracy/bin/fptool invalidateFund f44b68d845a3ea2ac0a80133;
/Marketocracy/bin/fptool invalidateFund f4d1068b3f65fb39c0a80134;
/Marketocracy/bin/fptool invalidateFund f54046033d075690c0a80118;
/Marketocracy/bin/fptool invalidateFund f68113b94346bb0bc0a80133;
/Marketocracy/bin/fptool invalidateFund f73c3e7a3d30186ac0a801e2;
/Marketocracy/bin/fptool invalidateFund f812299d482a3fd9c0a80134;
/Marketocracy/bin/fptool invalidateFund faae6e2a398831f4c0a80118;
/Marketocracy/bin/fptool invalidateFund fbb25aa54065ee5effffffff;
/Marketocracy/bin/fptool invalidateFund fbf93da240c45d19c0a80134;
/Marketocracy/bin/fptool invalidateFund fc5014e339d808ffc0a80119;
/Marketocracy/bin/fptool invalidateFund fc9f1b193d5bd448c0a801e2;
/Marketocracy/bin/fptool invalidateFund fd3e234d45a27382c0a80135;
/Marketocracy/bin/fptool invalidateFund fd872349501fc870c0a80135;
/Marketocracy/bin/fptool invalidateFund fdfb75073df6ca18c0a80132;
/Marketocracy/bin/fptool invalidateFund fe3013d8454a9bfac0a80135;
/Marketocracy/bin/fptool invalidateFund fe543e4e455229aac0a80134;
/Marketocracy/bin/fptool invalidateFund fe7d13733986caa3c0a80118;
/Marketocracy/bin/fptool invalidateFund ff314cc23bcba522c0a80118;
/Marketocracy/bin/fptool invalidateFund ff882e804730b3fec0a80132;