/Marketocracy/bin/fptool invalidateFund 088b4b72401175bfc0a80132;
/Marketocracy/bin/fptool invalidateFund 08f52c773a226fc4c0a80118;
/Marketocracy/bin/fptool invalidateFund 191a577839919279c0a80119;
/Marketocracy/bin/fptool invalidateFund 1b115c1b3c7d843ec0a801e1;
/Marketocracy/bin/fptool invalidateFund 1f76462a3cbaa030c0a801e0;
/Marketocracy/bin/fptool invalidateFund 2d502ce43c7ec986c0a80118;
/Marketocracy/bin/fptool invalidateFund 382d11fb42b43927c0a80133;
/Marketocracy/bin/fptool invalidateFund 462c05843e3da3e7c0a80135;
/Marketocracy/bin/fptool invalidateFund 4e9562ff42e43f8ec0a80132;
/Marketocracy/bin/fptool invalidateFund 58bc2cea3d3d9937c0a801e2;
/Marketocracy/bin/fptool invalidateFund 5d062cea3d3d9977c0a801e2;
/Marketocracy/bin/fptool invalidateFund 5d082cea3d3d9998c0a801e2;
/Marketocracy/bin/fptool invalidateFund 5d0a2cea3d3d99b6c0a801e2;
/Marketocracy/bin/fptool invalidateFund 5d0c2cea3d3d99d7c0a801e2;
/Marketocracy/bin/fptool invalidateFund 5d0e2cea3d3d99f7c0a801e2;
/Marketocracy/bin/fptool invalidateFund 5d102cea3d3d9a17c0a801e2;
/Marketocracy/bin/fptool invalidateFund 5d132cea3d3d9a3ec0a801e2;
/Marketocracy/bin/fptool invalidateFund 5d152cea3d3d9a5fc0a801e2;
/Marketocracy/bin/fptool invalidateFund 5dad2cea3d3d9a7fc0a801e2;
/Marketocracy/bin/fptool invalidateFund 6ae33f923c997837c0a801e1;
/Marketocracy/bin/fptool invalidateFund 734f65e5397c73a7c0a80119;
/Marketocracy/bin/fptool invalidateFund 8e174d8d3c9edf21c0a80119;
/Marketocracy/bin/fptool invalidateFund 901c61ea3c914a31c0a80118;
/Marketocracy/bin/fptool invalidateFund 9bf971823ca497e2c0a80118;
/Marketocracy/bin/fptool invalidateFund a5ac147d3a1f3540c0a801e1;
/Marketocracy/bin/fptool invalidateFund a9a11a103eca5c97c0a80133;
/Marketocracy/bin/fptool invalidateFund ac9b63fa3eeea8f1c0a80134;
/Marketocracy/bin/fptool invalidateFund cace6fcf3b8e8cbac0a801e1;
/Marketocracy/bin/fptool invalidateFund cbc274463ca6737dc0a801e1;
/Marketocracy/bin/fptool invalidateFund ce8a690e3d182930c0a801e0;
/Marketocracy/bin/fptool invalidateFund decb4b5f3eef2bbec0a80134;
/Marketocracy/bin/fptool invalidateFund def972773fabc156c0a80133;
/Marketocracy/bin/fptool invalidateFund e2d7162d3cb6ac18c0a801e0;
/Marketocracy/bin/fptool invalidateFund e69c456d3c8d2c77c0a801e0;
