/Marketocracy/bin/fptool invalidateFund 0ff12a703d6ad28ac0a80119;
/Marketocracy/bin/fptool invalidateFund 11ce39103a9cfec0c0a80119;
/Marketocracy/bin/fptool invalidateFund 13ba074446285b32c0a80132;
/Marketocracy/bin/fptool invalidateFund 13ed45403aac065ac0a80118;
/Marketocracy/bin/fptool invalidateFund 36b3027f451c0642c0a80134;
/Marketocracy/bin/fptool invalidateFund 3e036cc23d3c0e28c0a80119;
/Marketocracy/bin/fptool invalidateFund 41683a0b426d558bc0a80133;
/Marketocracy/bin/fptool invalidateFund 487443343e642f4cc0a80134;
/Marketocracy/bin/fptool invalidateFund 50bb67793bba7549c0a801e1;
/Marketocracy/bin/fptool invalidateFund 5eeb13973b2f897cc0a801e1;
/Marketocracy/bin/fptool invalidateFund 6dc1628b3d3f603ac0a80119;
/Marketocracy/bin/fptool invalidateFund a4a754e93ea6948dc0a80133;
/Marketocracy/bin/fptool invalidateFund a66d4954427d8470c0a80133;
/Marketocracy/bin/fptool invalidateFund abde0354400f14c7c0a80133;
/Marketocracy/bin/fptool invalidateFund b0d02b243ac9e2f8c0a801e1;
/Marketocracy/bin/fptool invalidateFund c1725be73b2f9dd4c0a80118;
/Marketocracy/bin/fptool invalidateFund ccef033d3ab037ffc0a80118;
/Marketocracy/bin/fptool invalidateFund d7cf04fa39c3dfcbc0a80151;
/Marketocracy/bin/fptool invalidateFund db94324d42493c1ec0a80133;
/Marketocracy/bin/fptool invalidateFund ea4348303c99ede1c0a801e0;