/Marketocracy/bin/fptool invalidateFund 047d1dba3edeba34c0a80133;
/Marketocracy/bin/fptool invalidateFund 0b22077a3e282cecc0a80132;
/Marketocracy/bin/fptool invalidateFund 364759463ec07de3c0a80132;
/Marketocracy/bin/fptool invalidateFund 43400a9d4c371715c0a80135;
/Marketocracy/bin/fptool invalidateFund 4c3615a14ce34a13c0a80133;
/Marketocracy/bin/fptool invalidateFund 537802b1452d0874c0a80132;
/Marketocracy/bin/fptool invalidateFund 5c2630f93edfff68c0a80132;
/Marketocracy/bin/fptool invalidateFund 6aee69bc3a42b11dc0a801e1;
/Marketocracy/bin/fptool invalidateFund 77a925c93a16d86ac0a801e0;
/Marketocracy/bin/fptool invalidateFund 80b015673d6aca17c0a80118;
/Marketocracy/bin/fptool invalidateFund 880255a244d7d4c4c0a80133;
/Marketocracy/bin/fptool invalidateFund b3f224e04952f817c0a80134;
/Marketocracy/bin/fptool invalidateFund b5fc56394828f926c0a80135;
/Marketocracy/bin/fptool invalidateFund c04e2ae643e3bb7cc0a80134;
/Marketocracy/bin/fptool invalidateFund d9406e6240f6aca3c0a80134;
/Marketocracy/bin/fptool invalidateFund e47c28223f200e50c0a80133;
/Marketocracy/bin/fptool invalidateFund ec045aa2440fe9c5c0a80132;
/Marketocracy/bin/fptool invalidateFund ec9c42fa4762d5d4c0a80133;
/Marketocracy/bin/fptool invalidateFund f3b319ec44313149c0a80133;
/Marketocracy/bin/fptool invalidateFund f64229e342681536c0a80134;