/Marketocracy/bin/fptool invalidateFund 0a7d5fdc442d4cbac0a80134;
/Marketocracy/bin/fptool invalidateFund 0adf6f4646e17141c0a80132;
/Marketocracy/bin/fptool invalidateFund 1fc50e8440d460b4c0a80133;
/Marketocracy/bin/fptool invalidateFund 2993203843dee64fc0a80132;
/Marketocracy/bin/fptool invalidateFund 2bd82010421e1b02c0a80132;
/Marketocracy/bin/fptool invalidateFund 3bb9489541d6efb9c0a80132;
/Marketocracy/bin/fptool invalidateFund 4323729f433e4690c0a80132;
/Marketocracy/bin/fptool invalidateFund 44fe02dd416a2a6ac0a80132;
/Marketocracy/bin/fptool invalidateFund 51db037c444a7243c0a80134;
/Marketocracy/bin/fptool invalidateFund 5e01493346653becc0a80135;
/Marketocracy/bin/fptool invalidateFund 63ce1bd743a98042c0a80134;
/Marketocracy/bin/fptool invalidateFund 65cb717343f7825ac0a80132;
/Marketocracy/bin/fptool invalidateFund 6a81430148af8178c0a80135;
/Marketocracy/bin/fptool invalidateFund 6e721f4746d32763c0a80133;
/Marketocracy/bin/fptool invalidateFund 712e09c747da1997c0a80132;
/Marketocracy/bin/fptool invalidateFund 71ed48243fff2ba6c0a80134;
/Marketocracy/bin/fptool invalidateFund 73be692c3b27b67bc0a80118;
/Marketocracy/bin/fptool invalidateFund 7ca40cac43987dd5c0a80134;
/Marketocracy/bin/fptool invalidateFund 7e5a153044e609e6c0a80134;
/Marketocracy/bin/fptool invalidateFund 90c111dc4175a014c0a80134;
/Marketocracy/bin/fptool invalidateFund 96614d7940c4677fc0a80134;
/Marketocracy/bin/fptool invalidateFund 982d3b1a43baa5dfc0a80134;
/Marketocracy/bin/fptool invalidateFund 98786c5b475de140c0a80132;
/Marketocracy/bin/fptool invalidateFund 9eaa60313b5e0a1cc0a80118;
/Marketocracy/bin/fptool invalidateFund a006191d43b68778c0a80134;
/Marketocracy/bin/fptool invalidateFund a61728fb47d75fb5c0a80135;
/Marketocracy/bin/fptool invalidateFund b3615b604203dda8c0a80132;
/Marketocracy/bin/fptool invalidateFund b39a543d48221f4cc0a80133;
/Marketocracy/bin/fptool invalidateFund c3543e27447119edc0a80133;
/Marketocracy/bin/fptool invalidateFund ccd1090b4287aadec0a80134;
/Marketocracy/bin/fptool invalidateFund d6106b0346c0f5bbc0a80133;
/Marketocracy/bin/fptool invalidateFund e19442d346d33e82c0a80133;
/Marketocracy/bin/fptool invalidateFund e58e3f3f4652ea17c0a80134;
/Marketocracy/bin/fptool invalidateFund ed5f5b5e40f9146dc0a80133;
/Marketocracy/bin/fptool invalidateFund ee4374c647a4c46ac0a80132;
/Marketocracy/bin/fptool invalidateFund f3a935514463deb7c0a80134;
/Marketocracy/bin/fptool invalidateFund fccd74d2426aac40c0a80134;