/Marketocracy/bin/fptool invalidateFund 045f06d341ed7889c0a80132;
/Marketocracy/bin/fptool invalidateFund 04e164fd4d162bbbc0a80134;
/Marketocracy/bin/fptool invalidateFund 05b05f444be4db95c0a80135;
/Marketocracy/bin/fptool invalidateFund 0aa219e5488be172c0a80133;
/Marketocracy/bin/fptool invalidateFund 0dc606cc4945ded2c0a80132;
/Marketocracy/bin/fptool invalidateFund 0ebc0b6543cd6f01c0a80134;
/Marketocracy/bin/fptool invalidateFund 0ff02e074c07116ac0a80135;
/Marketocracy/bin/fptool invalidateFund 111459d04f2e8796c0a80132;
/Marketocracy/bin/fptool invalidateFund 18cb02b141deafb3c0a80132;
/Marketocracy/bin/fptool invalidateFund 1f930ea046b8aaddc0a80132;
/Marketocracy/bin/fptool invalidateFund 208410fb3b8f9118c0a801e0;
/Marketocracy/bin/fptool invalidateFund 21a43b62448f41d5c0a80133;
/Marketocracy/bin/fptool invalidateFund 22401b1555cc82f2c0a86fa6;
/Marketocracy/bin/fptool invalidateFund 22412ff7721c6a6678cd169a;
/Marketocracy/bin/fptool invalidateFund 25af1e064a8495bbc0a80146;
/Marketocracy/bin/fptool invalidateFund 2e484ca1481701abc0a80132;
/Marketocracy/bin/fptool invalidateFund 32f00f524a92af4ac0a80135;
/Marketocracy/bin/fptool invalidateFund 34b2262044886e7dc0a80134;
/Marketocracy/bin/fptool invalidateFund 361850924936d5c7c0a80132;
/Marketocracy/bin/fptool invalidateFund 384b565148dbf895c0a80134;
/Marketocracy/bin/fptool invalidateFund 384c03eb425ab77bc0a80134;
/Marketocracy/bin/fptool invalidateFund 3dc226414d0a93e2c0a80135;
/Marketocracy/bin/fptool invalidateFund 40440e923d36dbb9c0a801e0;
/Marketocracy/bin/fptool invalidateFund 451c32b04925c5bfc0a80134;
/Marketocracy/bin/fptool invalidateFund 483958184179b518c0a80132;
/Marketocracy/bin/fptool invalidateFund 4a4f2dc94b980579c0a80135;
/Marketocracy/bin/fptool invalidateFund 4a9a3b17473da256c0a80135;
/Marketocracy/bin/fptool invalidateFund 4ac330ff55a340d1c0a86fa6;
/Marketocracy/bin/fptool invalidateFund 502c08564c48e1aac0a80132;
/Marketocracy/bin/fptool invalidateFund 53230bac4420db3ac0a80133;
/Marketocracy/bin/fptool invalidateFund 5598030246b10b53c0a80134;
/Marketocracy/bin/fptool invalidateFund 572e637447831fc9c0a80133;
/Marketocracy/bin/fptool invalidateFund 57386c3b527a2e7ec0a80132;
/Marketocracy/bin/fptool invalidateFund 59bf18b54120207dc0a8013c;
/Marketocracy/bin/fptool invalidateFund 5cd4664255cbbb3dc0a86fa6;
/Marketocracy/bin/fptool invalidateFund 600602ff48bd4c3ac0a80134;
/Marketocracy/bin/fptool invalidateFund 619f1af1477a9483c0a80135;
/Marketocracy/bin/fptool invalidateFund 628720e952a27d93c0a86f85;
/Marketocracy/bin/fptool invalidateFund 645a035d3ffd8bc3c0a80133;
/Marketocracy/bin/fptool invalidateFund 654539244640892bc0a80132;
/Marketocracy/bin/fptool invalidateFund 66ba5f3d4640ab92c0a80135;
/Marketocracy/bin/fptool invalidateFund 6958035d3ffd8d23c0a80133;
/Marketocracy/bin/fptool invalidateFund 69ac21184148973bc0a8013c;
/Marketocracy/bin/fptool invalidateFund 6e8237dd5584f686c0a86fa6;
/Marketocracy/bin/fptool invalidateFund 7336235243bdf2edc0a80132;
/Marketocracy/bin/fptool invalidateFund 79a21c7e489c7286c0a80133;
/Marketocracy/bin/fptool invalidateFund 7eaa16e64c0485b4c0a80133;
/Marketocracy/bin/fptool invalidateFund 7eb907c84d91a9a1c0a80134;
/Marketocracy/bin/fptool invalidateFund 802d37d8487d2a6dc0a80133;
/Marketocracy/bin/fptool invalidateFund 80e12f1a4c1cf60ac0a80133;
/Marketocracy/bin/fptool invalidateFund 82b10da94babdb32c0a80132;
/Marketocracy/bin/fptool invalidateFund 85a40837472b7deec0a80135;
/Marketocracy/bin/fptool invalidateFund 863913a94d341eb9c0a80135;
/Marketocracy/bin/fptool invalidateFund 89e34608459ab5bfc0a80134;
/Marketocracy/bin/fptool invalidateFund 8a5f3df14294b5c9c0a80133;
/Marketocracy/bin/fptool invalidateFund 8d4c22f642530544c0a80133;
/Marketocracy/bin/fptool invalidateFund 8f61448d3a1ed966c0a80119;
/Marketocracy/bin/fptool invalidateFund 900360274bb0d731c0a80134;
/Marketocracy/bin/fptool invalidateFund 901d42ba4bcc97e8c0a80133;
/Marketocracy/bin/fptool invalidateFund 914805a54cb87f4fc0a80135;
/Marketocracy/bin/fptool invalidateFund 93d90da94babdcf9c0a80132;
/Marketocracy/bin/fptool invalidateFund 96ea233f47105672c0a80132;
/Marketocracy/bin/fptool invalidateFund 98f8034f48f64a91c0a80132;
/Marketocracy/bin/fptool invalidateFund 9afb641347c1e350c0a80133;
/Marketocracy/bin/fptool invalidateFund 9bde136741d10965c0a80133;
/Marketocracy/bin/fptool invalidateFund a0e401334675fd26c0a80132;
/Marketocracy/bin/fptool invalidateFund a11b6c5a3c2a27bdc0a801e1;
/Marketocracy/bin/fptool invalidateFund a5036d224d146e01c0a80146;
/Marketocracy/bin/fptool invalidateFund aa670b113b0c203fc0a80118;
/Marketocracy/bin/fptool invalidateFund ab8b714d42d8139ac0a80134;
/Marketocracy/bin/fptool invalidateFund af5d17e953ef3c19c0a86f98;
/Marketocracy/bin/fptool invalidateFund af604b5948765337c0a80132;
/Marketocracy/bin/fptool invalidateFund b8cd43964a4a3246c0a80135;
/Marketocracy/bin/fptool invalidateFund b94d1966487f566cc0a80135;
/Marketocracy/bin/fptool invalidateFund bb0063f4421bbc6dc0a80134;
/Marketocracy/bin/fptool invalidateFund bbcf47ea47a2a06cdaa5d03f;
/Marketocracy/bin/fptool invalidateFund bd8203a54412415fc0a80133;
/Marketocracy/bin/fptool invalidateFund c6152c7a42addff9c0a80132;
/Marketocracy/bin/fptool invalidateFund c78a19e7476a3779c0a80135;
/Marketocracy/bin/fptool invalidateFund c96712e043381ab8c0a80133;
/Marketocracy/bin/fptool invalidateFund cb174df14b77280ac0a80134;
/Marketocracy/bin/fptool invalidateFund ce2a1be847421e47c0a80135;
/Marketocracy/bin/fptool invalidateFund cf4a4f4e417288fac0a80134;
/Marketocracy/bin/fptool invalidateFund d29e1a254940455ec0a80132;
/Marketocracy/bin/fptool invalidateFund d5bf02ca463b42b4c0a80135;
/Marketocracy/bin/fptool invalidateFund d99365e53e03b603c0a80132;
/Marketocracy/bin/fptool invalidateFund dc4c74ce4cfed5dbc0a80132;
/Marketocracy/bin/fptool invalidateFund dc5b4f494be74673c0a80133;
/Marketocracy/bin/fptool invalidateFund dd50368546fd73d4c0a80134;
/Marketocracy/bin/fptool invalidateFund df5041d941e840c9c0a80133;
/Marketocracy/bin/fptool invalidateFund e0a011b64c58333fc0a80135;
/Marketocracy/bin/fptool invalidateFund e3bd25584bf5a540c0a80132;
/Marketocracy/bin/fptool invalidateFund e8461bb9553624f6c0a86fa6;
/Marketocracy/bin/fptool invalidateFund e94c729348525661c0a80132;
/Marketocracy/bin/fptool invalidateFund ea4d08c74bc5eff0c0a80135;
/Marketocracy/bin/fptool invalidateFund ecd5611b4897cd2dc0a80133;
/Marketocracy/bin/fptool invalidateFund ee4b12dc432bb0e2c0a80132;
/Marketocracy/bin/fptool invalidateFund eedc383a546ea203c0a86f98;
/Marketocracy/bin/fptool invalidateFund eefe3381470110a9c0a80135;
/Marketocracy/bin/fptool invalidateFund f23874c34a80678dc0a80146;
/Marketocracy/bin/fptool invalidateFund f51b251c3a24839cc0a801e1;
/Marketocracy/bin/fptool invalidateFund f8985d3648f4f0b5c0a80134;
/Marketocracy/bin/fptool invalidateFund f99c5336411bc2ffc0a8013c;
/Marketocracy/bin/fptool invalidateFund f9e60333423f6509c0a80133;
/Marketocracy/bin/fptool invalidateFund fa56381647165011c0a80132;
/Marketocracy/bin/fptool invalidateFund fcf66c0a4bc2e472c0a80134;
/Marketocracy/bin/fptool invalidateFund fd39075b4d071718c0a80146;
/Marketocracy/bin/fptool invalidateFund feaa3c70469cfe23c0a80133;
/Marketocracy/bin/fptool invalidateFund ff3c36c149ab0a7cc0a80135;
/Marketocracy/bin/fptool invalidateFund ff9d47bf47a3107bc0a80134;