/Marketocracy/bin/fptool invalidateFund C66973B653FB9F53C0A86F98;
/Marketocracy/bin/fptool invalidateFund ED6F2BB64F6657BFC0A80134;
/Marketocracy/bin/fptool invalidateFund DC715EAE50F9ABABC0A80135;
/Marketocracy/bin/fptool invalidateFund 97495A155179E33BC0A80135;
/Marketocracy/bin/fptool invalidateFund C892140751836A95C0A80132;
/Marketocracy/bin/fptool invalidateFund 2F0B674846100B94C0A80135;
/Marketocracy/bin/fptool invalidateFund 4A3E4BB952C4FA01C0A86F98;
/Marketocracy/bin/fptool invalidateFund D25C3D7852D7781EC0A86F98;
/Marketocracy/bin/fptool invalidateFund 35F031AC531A3DADC0A86F99;
/Marketocracy/bin/fptool invalidateFund C5092ED449A23C89C0A80135;
/Marketocracy/bin/fptool invalidateFund 56D75457578D065CC0A86FA6;
/Marketocracy/bin/fptool invalidateFund 2AD1161956E6E9BEC0A86FA6;
