/Marketocracy/bin/fptool invalidateFund 0d062bff4df7bc3fc0a80132;
/Marketocracy/bin/fptool invalidateFund 21873c3d4991a3a2c0a80134;
/Marketocracy/bin/fptool invalidateFund 21a43b62448f41d5c0a80133;
/Marketocracy/bin/fptool invalidateFund 27c331653d3e5e7bc0a801e0;
/Marketocracy/bin/fptool invalidateFund 34ee3c1947c81b45c0a80135;
/Marketocracy/bin/fptool invalidateFund 451c32b04925c5bfc0a80134;
/Marketocracy/bin/fptool invalidateFund 4e0647bb4fb134f9c0a80132;
/Marketocracy/bin/fptool invalidateFund 58761d444d3e858ec0a80132;
/Marketocracy/bin/fptool invalidateFund 645a035d3ffd8bc3c0a80133;
/Marketocracy/bin/fptool invalidateFund 802d37d8487d2a6dc0a80133;
/Marketocracy/bin/fptool invalidateFund 828101bc54b01daec0a86f98;
/Marketocracy/bin/fptool invalidateFund 85230b60500fc03bc0a80135;
/Marketocracy/bin/fptool invalidateFund 920b0b764c20a507c0a80135;
/Marketocracy/bin/fptool invalidateFund 989b2bfe4d5c3d26c0a80132;
/Marketocracy/bin/fptool invalidateFund aeed4ffd3df7d035c0a80132;
/Marketocracy/bin/fptool invalidateFund c14303574027f531c0a80132;
/Marketocracy/bin/fptool invalidateFund c83f6a9d4dc873f7c0a80133;
/Marketocracy/bin/fptool invalidateFund cb174df14b77280ac0a80134;
/Marketocracy/bin/fptool invalidateFund d52660db569f29d5c0a86fa6;
/Marketocracy/bin/fptool invalidateFund f9e60333423f6509c0a80133;
/Marketocracy/bin/fptool invalidateFund ff3c36c149ab0a7cc0a80135;